-- Generos

INSERT INTO Generos (nome_genero) VALUES
('Rock'),
('Pop'),
('Jazz'),
('Classical'),
('Hip Hop'),
('Indie'),
('Sertanejo'),
('Reggae'),
('Electronic'),
('Funk'),
('Blues'),
('Metal'),
('Punk'),
('R&B'),
('Bossa Nova'),
('Samba'),
('MPB'),
('Country'),
('Alternative'),
('Soul'),
('Trap'),
('Trance'),
('Folk'),
('Techno'),
('Disco'),
('K-Pop'),
('Chillout'),
('Dancehall'),
('Ska'),
('Hard Rock'),
('Rap'),
('Gospel'),
('Funk Carioca'),
('Axé'),
('House'),
('Dubstep'),
('Progressive House'),
('Lofi Hip Hop'),
('Ambient'),
('Grunge'),
('Acoustic'),
('Opera'),
('Reggaeton'),
('Tango'),
('Viking Metal'),
('Swing'),
('Salsa'),
('Lounge'),
('Fado'),
('New Age'),
('Electropop'),
('Britpop');

-- Usuarios

INSERT INTO Usuarios (nome_usuario, email, senha, data_de_nascimento, cidade, estado, preferencia_musical, ultimo_acesso) VALUES
('João Silva', 'joao.silva@email.com', 'senha123', '1990-05-12', 'São Paulo', 'SP', 'Rock', '2024-11-16'),
('Maria Souza', 'maria.souza@email.com', 'senha321', '1985-03-22', 'Rio de Janeiro', 'RJ', 'MPB', '2024-11-10'),
('Carlos Oliveira', 'carlos.oliveira@email.com', 'car1234', '1992-08-30', 'Belo Horizonte', 'MG', 'Pop', '2024-11-14'),
('Ana Costa', 'ana.costa@email.com', '1234ana', '1995-07-15', 'Curitiba', 'PR', 'Indie', '2024-11-12'),
('Ricardo Alves', 'ricardo.alves@email.com', 'ric12345', '1990-12-20', 'Porto Alegre', 'RS', 'Sertanejo', '2024-11-13'),
('Juliana Pereira', 'juliana.pereira@email.com', 'juliana123', '1988-02-05', 'Fortaleza', 'CE', 'Reggae', '2024-11-16'),
('Lucas Pereira', 'lucas.pereira@email.com', 'lucas@123', '1993-04-10', 'Salvador', 'BA', 'Rock', '2024-11-09'),
('Fernanda Lima', 'fernanda.lima@email.com', 'fernanda@123', '1991-06-17', 'Recife', 'PE', 'MPB', '2024-11-08'),
('Marcelo Gomes', 'marcelo.gomes@email.com', 'marcelo123', '1987-11-01', 'Natal', 'RN', 'Jazz', '2024-11-11'),
('Patricia Martins', 'patricia.martins@email.com', 'patricia321', '1996-09-22', 'Manaus', 'AM', 'Funk', '2024-11-07'),
('Bruna Silva', 'bruna.silva@email.com', 'bruna123', '1994-01-13', 'Vitória', 'ES', 'Pop', '2024-11-05'),
('Gabriel Santos', 'gabriel.santos@email.com', 'gabriel456', '1992-10-30', 'Florianópolis', 'SC', 'Sertanejo', '2024-11-06'),
('Sofia Oliveira', 'sofia.oliveira@email.com', 'sofia1234', '1991-03-25', 'Rio de Janeiro', 'RJ', 'Reggae', '2024-11-04'),
('Felipe Costa', 'felipe.costa@email.com', 'felipe123', '1990-09-14', 'Brasília', 'DF', 'MPB', '2024-11-03'),
('Claudia Almeida', 'claudia.almeida@email.com', 'claudia@123', '1996-04-05', 'Curitiba', 'PR', 'Rock', '2024-11-02'),
('Fernando Martins', 'fernando.martins@email.com', 'fernando@1234', '1989-07-12', 'São Paulo', 'SP', 'Jazz', '2024-11-01'),
('Rafaela Souza', 'rafaela.souza@email.com', 'rafaela123', '1994-02-20', 'Salvador', 'BA', 'Samba', '2024-10-31'),
('Eduardo Rocha', 'eduardo.rocha@email.com', 'eduardo1234', '1992-12-15', 'Belo Horizonte', 'MG', 'Indie', '2024-10-30'),
('Luana Gomes', 'luana.gomes@email.com', 'luana@123', '1995-05-28', 'Porto Alegre', 'RS', 'Reggae', '2024-10-29'),
('André Costa', 'andre.costa@email.com', 'andre@12345', '1993-06-09', 'Florianópolis', 'SC', 'Rock', '2024-10-28'),
('Patrícia Souza', 'patricia.souza@email.com', 'patricia321', '1988-03-10', 'São Paulo', 'SP', 'Pop', '2024-10-27'),
('Ronaldo Lima', 'ronaldo.lima@email.com', 'ronaldo@123', '1990-10-25', 'Recife', 'PE', 'MPB', '2024-10-26'),
('Raquel Martins', 'raquel.martins@email.com', 'raquel123', '1996-01-13', 'Manaus', 'AM', 'Jazz', '2024-10-25'),
('Thiago Oliveira', 'thiago.oliveira@email.com', 'thiago1234', '1994-02-10', 'São Paulo', 'SP', 'Reggae', '2024-10-24'),
('Jessica Rocha', 'jessica.rocha@email.com', 'jessica123', '1989-05-21', 'Porto Alegre', 'RS', 'Pop', '2024-10-23'),
('Diego Costa', 'diego.costa@email.com', 'diego@12345', '1992-04-06', 'Fortaleza', 'CE', 'Sertanejo', '2024-10-22'),
('Bruna Almeida', 'bruna.almeida@email.com', 'bruna456', '1995-10-09', 'Salvador', 'BA', 'Reggae', '2024-10-21'),
('Rodrigo Pereira', 'rodrigo.pereira@email.com', 'rodrigo123', '1993-08-15', 'São Paulo', 'SP', 'Jazz', '2024-10-20'),
('Larissa Gomes', 'larissa.gomes@email.com', 'larissa@123', '1990-02-28', 'Recife', 'PE', 'Pop', '2024-10-19'),
('Marcio Alves', 'marcio.alves@email.com', 'marcio123', '1987-01-30', 'Belo Horizonte', 'MG', 'MPB', '2024-10-18'),
('Camila Lima', 'camila.lima@email.com', 'camila1234', '1992-07-12', 'Porto Alegre', 'RS', 'Rock', '2024-10-17'),
('Vinícius Rocha', 'vinicius.rocha@email.com', 'vinicius123', '1995-11-19', 'Florianópolis', 'SC', 'Indie', '2024-10-16'),
('Karla Silva', 'karla.silva@email.com', 'karla123', '1990-04-24', 'Curitiba', 'PR', 'Funk', '2024-10-15'),
('Gustavo Almeida', 'gustavo.almeida@email.com', 'gustavo123', '1988-12-05', 'Brasília', 'DF', 'Jazz', '2024-10-14'),
('Nathalia Costa', 'nathalia.costa@email.com', 'nathalia123', '1994-01-14', 'São Paulo', 'SP', 'Pop', '2024-10-13'),
('Carlos Souza', 'carlos.souza@email.com', 'carlos@123', '1992-11-08', 'Recife', 'PE', 'MPB', '2024-10-12'),
('Beatriz Oliveira', 'beatriz.oliveira@email.com', 'beatriz1234', '1991-06-10', 'Salvador', 'BA', 'Rock', '2024-10-11'),
('José Martins', 'jose.martins@email.com', 'jose@12345', '1989-09-17', 'Porto Alegre', 'RS', 'Indie', '2024-10-10'),
('Fábio Pereira', 'fabio.pereira@email.com', 'fabio123', '1990-05-22', 'Florianópolis', 'SC', 'Sertanejo', '2024-10-09'),
('Amanda Lima', 'amanda.lima@email.com', 'amanda123', '1993-03-19', 'Curitiba', 'PR', 'MPB', '2024-10-08'),
('Luciana Costa', 'luciana.costa@email.com', 'luciana@123', '1994-07-07', 'Belo Horizonte', 'MG', 'Reggae', '2024-10-07'),
('Erick Gomes', 'erick.gomes@email.com', 'erick1234', '1988-12-11', 'São Paulo', 'SP', 'Pop', '2024-10-06'),
('Daniele Silva', 'daniele.silva@email.com', 'daniele@123', '1992-08-02', 'Salvador', 'BA', 'Samba', '2024-10-05'),
('Victor Alves', 'victor.alves@email.com', 'victor1234', '1993-04-26', 'Porto Alegre', 'RS', 'Indie', '2024-10-04'),
('Thiago Lima', 'thiago.lima@email.com', 'thiago123', '1990-11-23', 'Recife', 'PE', 'Jazz', '2024-10-03'),
('Cíntia Souza', 'cintia.souza@email.com', 'cintia1234', '1987-06-30', 'Brasília', 'DF', 'Pop', '2024-10-02'),
('Rodrigo Almeida', 'rodrigo.almeida@email.com', 'rodrigo123', '1995-02-25', 'São Paulo', 'SP', 'Sertanejo', '2024-10-01');

-- Artistas

INSERT INTO Artistas (nome_artista, pais_origem, genero, ano_inicio, biografia, email_artista) VALUES
('Imagine Dragons', 'Estados Unidos', 'Pop Rock', 2008, 'Imagine Dragons é uma banda americana de pop rock, formada em 2008.', 'imagine.dragons@email.com'),
('Anitta', 'Brasil', 'Pop', 2010, 'Anitta é uma cantora, compositora e dançarina brasileira.', 'anitta@email.com'),
('Coldplay', 'Reino Unido', 'Rock Alternativo', 1996, 'Coldplay é uma banda britânica de rock alternativo formada em 1996.', 'coldplay@email.com'),
('Marília Mendonça', 'Brasil', 'Sertanejo', 2012, 'Marília Mendonça foi uma cantora e compositora brasileira de música sertaneja.', 'marilia.mendonca@email.com'),
('Ed Sheeran', 'Reino Unido', 'Pop', 2004, 'Ed Sheeran é um cantor e compositor britânico de pop e música folk.', 'ed.sheeran@email.com'),
('Luan Santana', 'Brasil', 'Sertanejo', 2009, 'Luan Santana é um cantor e compositor brasileiro de música sertaneja.', 'luan.santana@email.com'),
('Beyoncé', 'Estados Unidos', 'Pop R&B', 1997, 'Beyoncé é uma cantora, compositora, atriz e produtora americana.', 'beyonce@email.com'),
('Shakira', 'Colômbia', 'Pop', 1990, 'Shakira é uma cantora, compositora e dançarina colombiana.', 'shakira@email.com'),
('Taylor Swift', 'Estados Unidos', 'Country, Pop', 2006, 'Taylor Swift é uma cantora e compositora americana, conhecida por suas músicas country e pop.', 'taylor.swift@email.com'),
('Sandy', 'Brasil', 'Pop', 1989, 'Sandy é uma cantora e atriz brasileira, famosa por sua carreira solo e em dupla com o irmão.', 'sandy@email.com'),
('Maroon 5', 'Estados Unidos', 'Pop Rock', 1994, 'Maroon 5 é uma banda americana de pop rock formada em 1994.', 'maroon5@email.com'),
('Kendrick Lamar', 'Estados Unidos', 'Hip Hop', 2003, 'Kendrick Lamar é um rapper e compositor americano.', 'kendrick.lamar@email.com'),
('Anavitoria', 'Brasil', 'MPB', 2015, 'Anavitoria é uma dupla brasileira de música popular brasileira.', 'anavitoria@email.com'),
('Selena Gomez', 'Estados Unidos', 'Pop', 2002, 'Selena Gomez é uma cantora e atriz americana.', 'selena.gomez@email.com'),
('Pabllo Vittar', 'Brasil', 'Pop', 2015, 'Pabllo Vittar é uma drag queen e cantora brasileira de música pop.', 'pabllo.vittar@email.com'),
('Ariana Grande', 'Estados Unidos', 'Pop R&B', 2008, 'Ariana Grande é uma cantora e atriz americana.', 'ariana.grande@email.com'),
('Jorge & Mateus', 'Brasil', 'Sertanejo', 2005, 'Jorge & Mateus é uma dupla sertaneja brasileira.', 'jorge.mateus@email.com'),
('Lady Gaga', 'Estados Unidos', 'Pop', 2004, 'Lady Gaga é uma cantora e atriz americana, conhecida por sua música pop e estilo extravagante.', 'lady.gaga@email.com'),
('The Weeknd', 'Canadá', 'R&B', 2010, 'The Weeknd é um cantor e compositor canadense de R&B.', 'the.weeknd@email.com'),
('Ivete Sangalo', 'Brasil', 'Axé', 1993, 'Ivete Sangalo é uma cantora brasileira de axé e música popular brasileira.', 'ivete.sangalo@email.com'),
('Bruno Mars', 'Estados Unidos', 'Pop', 2004, 'Bruno Mars é um cantor e compositor americano, conhecido por seu estilo pop e funk.', 'bruno.mars@email.com'),
('Zezé Di Camargo & Luciano', 'Brasil', 'Sertanejo', 1991, 'Zezé Di Camargo & Luciano são uma das duplas mais conhecidas da música sertaneja brasileira.', 'zeze.luciano@email.com'),
('Katy Perry', 'Estados Unidos', 'Pop', 2001, 'Katy Perry é uma cantora, compositora e atriz americana de pop.', 'katy.perry@email.com'),
('Simone & Simaria', 'Brasil', 'Sertanejo', 2012, 'Simone & Simaria são uma dupla sertaneja brasileira formada por duas irmãs.', 'simone.simaria@email.com'),
('Rihanna', 'Barbados', 'Pop R&B', 2003, 'Rihanna é uma cantora e empresária barbadiana.', 'rihanna@email.com'),
('Lizzo', 'Estados Unidos', 'Pop', 2010, 'Lizzo é uma cantora, rapper e flautista americana.', 'lizzo@email.com'),
('Fergie', 'Estados Unidos', 'Pop', 1991, 'Fergie é uma cantora e compositora americana, conhecida por seu trabalho com o grupo The Black Eyed Peas.', 'fergie@email.com'),
('Neymar Jr.', 'Brasil', 'Futebol', 2009, 'Neymar é um jogador de futebol brasileiro, mas também se aventura no mundo da música.', 'neymar@email.com'),
('Tião Carreiro & Pardinho', 'Brasil', 'Sertanejo', 1970, 'Tião Carreiro & Pardinho é uma das duplas pioneiras do sertanejo raiz.', 'tiao.pardinho@email.com'),
('Eminem', 'Estados Unidos', 'Hip Hop', 1995, 'Eminem é um rapper e produtor musical americano, considerado um dos maiores de todos os tempos.', 'eminem@email.com'),
('Sia', 'Austrália', 'Pop', 1997, 'Sia é uma cantora e compositora australiana de música pop e alternativa.', 'sia@email.com'),
('Kanye West', 'Estados Unidos', 'Hip Hop', 1996, 'Kanye West é um rapper, produtor musical e empresário americano.', 'kanye.west@email.com'),
('Demi Lovato', 'Estados Unidos', 'Pop', 2002, 'Demi Lovato é uma cantora e atriz americana.', 'demi.lovato@email.com'),
('Xuxa Meneghel', 'Brasil', 'Pop', 1983, 'Xuxa Meneghel é uma apresentadora e cantora brasileira, ícone da música infantil.', 'xuxa@email.com'),
('Lil Nas X', 'Estados Unidos', 'Hip Hop', 2018, 'Lil Nas X é um rapper e cantor americano, famoso pelo sucesso "Old Town Road".', 'lil.nas.x@email.com'),
('Raul Seixas', 'Brasil', 'Rock', 1965, 'Raul Seixas foi um cantor e compositor brasileiro, considerado um dos maiores nomes do rock nacional.', 'raul.seixas@email.com'),
('Marcos & Belutti', 'Brasil', 'Sertanejo', 2007, 'Marcos & Belutti é uma dupla sertaneja brasileira.', 'marcos.belutti@email.com'),
('Alok', 'Brasil', 'Eletrônica', 2004, 'Alok é um DJ e produtor musical brasileiro de música eletrônica.', 'alok@email.com'),
('Gilberto Gil', 'Brasil', 'MPB', 1959, 'Gilberto Gil é um cantor, compositor e músico brasileiro, ícone da música popular brasileira.', 'gilberto.gil@email.com'),
('Caetano Veloso', 'Brasil', 'MPB', 1965, 'Caetano Veloso é um dos principais nomes da música popular brasileira, influente em diversas gerações.', 'caetano.veloso@email.com'),
('Banda Calypso', 'Brasil', 'Calypso', 1999, 'A Banda Calypso é um grupo musical brasileiro de calypso e ritmos tropicais.', 'banda.calypso@email.com'),
('Cássia Eller', 'Brasil', 'Rock', 1990, 'Cássia Eller foi uma cantora brasileira de rock e MPB, conhecida pela sua voz única.', 'cassia.eller@email.com'),
('Luan Santana', 'Brasil', 'Sertanejo', 2009, 'Luan Santana é um cantor sertanejo brasileiro conhecido por sua carreira de sucesso.', 'luansantana@email.com'),
('Vanessa da Mata', 'Brasil', 'MPB', 1994, 'Vanessa da Mata é uma cantora e compositora brasileira, com forte influência da música popular brasileira.', 'vanessa.damata@email.com'),
('Kenny Chesney', 'Estados Unidos', 'Country', 1992, 'Kenny Chesney é um cantor e compositor de música country americano.', 'kenny.chesney@email.com');

-- Albuns

INSERT INTO Albuns (nome_album, num_faixas, duracao_total, idArtistas, data_lancamento, genero_album, selo_gravadora) VALUES
('Abbey Road', 17, '00:47:23', 1, '1969-09-26', 'Rock', 'Apple Records'),
('Back in Black', 10, '00:42:11', 2, '1980-07-25', 'Rock', 'Atlantic Records'),
('The Dark Side of the Moon', 10, '00:42:59', 3, '1973-03-01', 'Progressive Rock', 'Harvest Records'),
('Thriller', 9, '00:42:19', 4, '1982-11-30', 'Pop', 'Epic Records'),
('The Wall', 26, '01:21:15', 5, '1979-11-30', 'Progressive Rock', 'Columbia Records'),
('Born to Run', 8, '00:39:00', 6, '1975-08-25', 'Rock', 'Columbia Records'),
('Hotel California', 9, '00:45:00', 7, '1976-12-08', 'Rock', 'Asylum Records'),
('Let It Be', 12, '00:35:10', 8, '1970-05-08', 'Rock', 'Apple Records'),
('Darkness on the Edge of Town', 10, '00:43:20', 9, '1978-06-02', 'Rock', 'Columbia Records'),
('The Joshua Tree', 11, '00:50:01', 10, '1987-03-09', 'Rock', 'Island Records'),
('A Night at the Opera', 12, '00:43:07', 11, '1975-11-21', 'Rock', 'EMI Records'),
('Purple Rain', 9, '00:44:38', 12, '1984-06-25', 'Pop/Rock', 'Warner Bros. Records'),
('London Calling', 19, '00:57:58', 13, '1979-12-14', 'Punk Rock', 'Epic Records'),
('Goodbye Yellow Brick Road', 17, '01:13:40', 14, '1973-10-05', 'Pop/Rock', 'MCA Records'),
('Revolver', 14, '00:35:01', 15, '1966-08-05', 'Rock', 'Parlophone'),
('Rumours', 11, '00:39:44', 16, '1977-02-04', 'Rock', 'Warner Bros. Records'),
('The Velvet Underground & Nico', 11, '00:47:40', 17, '1967-03-12', 'Rock', 'Verve Records'),
('Bridge Over Troubled Water', 11, '00:43:45', 18, '1970-01-26', 'Pop', 'Columbia Records'),
('Sticky Fingers', 10, '00:43:58', 19, '1971-04-23', 'Rock', 'Rolling Stones Records'),
('Pet Sounds', 13, '00:35:33', 20, '1966-05-16', 'Pop', 'Capitol Records'),
('The Rise and Fall of Ziggy Stardust and the Spiders from Mars', 11, '00:38:50', 21, '1972-06-16', 'Glam Rock', 'RCA Records'),
('Blonde on Blonde', 14, '00:56:39', 22, '1966-05-16', 'Rock', 'Columbia Records'),
('Hysteria', 12, '00:58:21', 23, '1987-08-03', 'Rock', 'Mercury Records'),
('Exile on Main St.', 18, '01:08:11', 24, '1972-05-12', 'Rock', 'Rolling Stones Records'),
('Tapestry', 12, '00:48:30', 25, '1971-02-28', 'Pop', 'Ode Records'),
('Born in the U.S.A.', 12, '00:46:42', 26, '1984-06-04', 'Rock', 'Columbia Records'),
('The Beatles (White Album)', 30, '01:58:21', 27, '1968-11-22', 'Rock', 'Apple Records'),
('Led Zeppelin IV', 8, '00:42:38', 28, '1971-11-08', 'Hard Rock', 'Atlantic Records'),
('The Chronic', 16, '01:00:34', 29, '1992-12-15', 'Hip Hop', 'Death Row Records'),
('Abbey Road (50th Anniversary)', 17, '00:47:23', 30, '2019-09-27', 'Rock', 'Apple Records'),
('Imagine', 10, '00:39:57', 31, '1971-10-11', 'Pop', 'Apple Records'),
('Back to Black', 10, '00:41:00', 32, '2006-10-27', 'Soul', 'Island Records'),
('Meteora', 13, '00:36:35', 33, '2003-03-25', 'Nu Metal', 'Warner Bros. Records'),
('The Suburbs', 16, '01:05:00', 34, '2010-08-02', 'Indie Rock', 'Merge Records'),
('21', 11, '00:47:11', 35, '2011-01-24', 'Pop', 'XL Recordings'),
('To Pimp a Butterfly', 16, '01:11:39', 36, '2015-03-15', 'Hip-Hop', 'Top Dawg Entertainment'),
('In the Aeroplane Over the Sea', 11, '00:40:12', 37, '1998-02-10', 'Indie Rock', 'Merge Records'),
('The Dark Side of the Moon (Immersion Edition)', 10, '00:43:00', 38, '2011-05-23', 'Progressive Rock', 'EMI Records'),
('Highway 61 Revisited', 9, '00:51:44', 39, '1965-08-30', 'Rock', 'Columbia Records'),
('Smells Like Teen Spirit', 12, '00:48:30', 40, '1991-09-24', 'Grunge', 'DGC Records'),
('The Best of Michael Jackson', 18, '01:00:10', 41, '2003-11-18', 'Pop', 'Epic Records'),
('The Black Album', 12, '00:45:00', 42, '1991-08-12', 'Hip-Hop', 'Def Jam'),
('The Queen Is Dead', 10, '00:43:22', 43, '1986-06-16', 'Indie Rock', 'Sire Records'),
('Born to Die', 12, '00:47:00', 44, '2012-01-27', 'Pop', 'Polydor Records'),
('Lets Dance', 8, '00:41:12', 45, '1983-04-14', 'Pop', 'EMI America'),
('The Life of Pablo', 10, '00:57:00', 46, '2016-02-14', 'Hip-Hop', 'Def Jam Recordings'),
('The Rise of Skywalker', 10, '00:39:30', 47, '2019-12-20', 'Soundtrack', 'Walt Disney Records'),
('Lover', 18, '01:02:12', 48, '2019-08-23', 'Pop', 'Republic Records'),
('Reputation', 15, '00:55:40', 49, '2017-11-10', 'Pop', 'Big Machine Records'),
('Rumors', 13, '00:47:22', 50, '2023-09-29', 'Pop', 'Polydor');

-- Musicas

INSERT INTO Musicas (nome_musica, duracao, num_reproducao, idAlbuns, idArtistas, linguagem) VALUES
('Come Together', '00:04:20', 1200, 1, 1, 'Inglês'),
('Back in Black', '00:04:15', 1500, 2, 2, 'Inglês'),
('Time', '00:06:40', 2000, 3, 3, 'Inglês'),
('Billie Jean', '00:04:54', 2500, 4, 4, 'Inglês'),
('Another Brick in the Wall', '00:03:59', 1800, 5, 5, 'Inglês'),
('Born to Run', '00:04:30', 1000, 6, 6, 'Inglês'),
('Hotel California', '00:06:30', 2200, 7, 7, 'Inglês'),
('Hey Jude', '00:07:11', 1700, 8, 8, 'Inglês'),
('Thunder Road', '00:04:49', 800, 9, 9, 'Inglês'),
('With or Without You', '00:04:56', 2100, 10, 10, 'Inglês'),
('Bohemian Rhapsody', '00:05:54', 2900, 11, 11, 'Inglês'),
('Purple Rain', '00:04:59', 2200, 12, 12, 'Inglês'),
('London Calling', '00:03:19', 1700, 13, 13, 'Inglês'),
('Rocket Man', '00:04:41', 1600, 14, 14, 'Inglês'),
('Imagine', '00:03:03', 2400, 15, 15, 'Inglês'),
('Stairway to Heaven', '00:08:02', 3500, 16, 16, 'Inglês'),
('Exile on Main St.', '00:04:45', 1800, 17, 17, 'Inglês'),
('I Want to Hold Your Hand', '00:02:24', 1900, 18, 18, 'Inglês'),
('Smells Like Teen Spirit', '00:05:01', 3000, 19, 19, 'Inglês'),
('The Best of You', '00:04:10', 2200, 20, 20, 'Inglês'),
('Like a Prayer', '00:05:42', 2400, 21, 21, 'Inglês'),
('Back to Black', '00:04:30', 1700, 22, 22, 'Inglês'),
('Meteora', '00:03:38', 2100, 23, 23, 'Inglês'),
('The Suburbs', '00:04:48', 1500, 24, 24, 'Inglês'),
('Rolling in the Deep', '00:03:48', 2300, 25, 25, 'Inglês'),
('To Pimp a Butterfly', '00:03:40', 2200, 26, 26, 'Inglês'),
('In the End', '00:03:36', 2000, 27, 27, 'Inglês'),
('The Dark Side of the Moon', '00:05:24', 1800, 28, 28, 'Inglês'),
('Highway to Hell', '00:03:28', 1600, 29, 29, 'Inglês'),
('The Queen Is Dead', '00:03:54', 1500, 30, 30, 'Inglês'),
('Born to Die', '00:04:25', 2000, 31, 31, 'Inglês'),
('Lets Dance', '00:04:35', 1800, 32, 32, 'Inglês'),
('The Life of Pablo', '00:04:32', 2300, 33, 33, 'Inglês'),
('The Rise of Skywalker', '00:03:38', 1400, 34, 34, 'Inglês'),
('Lover', '00:03:41', 1700, 35, 35, 'Inglês'),
('Reputation', '00:04:25', 2000, 36, 36, 'Inglês'),
('Rumors', '00:04:02', 1600, 37, 37, 'Inglês'),
('Under Pressure', '00:04:08', 2500, 38, 38, 'Inglês'),
('Rolling Stone', '00:05:15', 1800, 39, 39, 'Inglês'),
('Another One Bites the Dust', '00:03:35', 2200, 40, 40, 'Inglês'),
('Sweet Child o Mine', '00:05:56', 2100, 41, 41, 'Inglês'),
('Take On Me', '00:03:01', 2000, 42, 42, 'Inglês'),
('Bohemian Rhapsody (Live)', '00:06:32', 2500, 43, 43, 'Inglês'),
('Bad', '00:04:42', 2300, 44, 44, 'Inglês'),
('Dont Stop Believin', '00:04:09', 2600, 45, 45, 'Inglês'),
('The Middle', '00:03:05', 1700, 46, 46, 'Inglês'),
('Shallow', '00:03:36', 2100, 47, 47, 'Inglês'),
('We Are the Champions', '00:04:40', 2800, 48, 48, 'Inglês'),
('The Scientist', '00:05:09', 1900, 49, 49, 'Inglês'),
('I Will Always Love You', '00:04:30', 3000, 50, 50, 'Inglês');

-- Playlists

INSERT INTO Playlists (nome_playlist, duracao, idUsuarios, idMusicas, data_criacao) VALUES
('Top Hits 2024', 1200, 1, 1, '2024-01-01'),
('Rock Classics', 900, 2, 2, '2024-01-02'),
('Pop Sensations', 1000, 3, 3, '2024-01-03'),
('Indie Vibes', 800, 4, 4, '2024-01-04'),
('Chill Beats', 1200, 5, 5, '2024-01-05'),
('Old School Hip Hop', 1100, 6, 6, '2024-01-06'),
('Romantic Moods', 950, 7, 7, '2024-01-07'),
('Summer Party', 1300, 8, 8, '2024-01-08'),
('Workout Energy', 1400, 9, 9, '2024-01-09'),
('Sleepy Time', 1000, 10, 10, '2024-01-10'),
('Top 40', 1100, 11, 11, '2024-01-11'),
('Morning Vibes', 1200, 12, 12, '2024-01-12'),
('Car Ride Hits', 950, 13, 13, '2024-01-13'),
('Electronic Dreams', 1150, 14, 14, '2024-01-14'),
('Love Songs', 1050, 15, 15, '2024-01-15'),
('Country Roads', 1250, 16, 16, '2024-01-16'),
('Rap Legends', 1300, 17, 17, '2024-01-17'),
('Motivational Mix', 1100, 18, 18, '2024-01-18'),
('Relaxing Sounds', 1400, 19, 19, '2024-01-19'),
('Feel Good Hits', 1200, 20, 20, '2024-01-20'),
('Chill Out', 1050, 21, 21, '2024-01-21'),
('Top 100', 1500, 22, 22, '2024-01-22'),
('RnB Vibes', 1000, 23, 23, '2024-01-23'),
('Mellow Beats', 1100, 24, 24, '2024-01-24'),
('Throwback Jams', 1150, 25, 25, '2024-01-25'),
('Dance Party', 1400, 26, 26, '2024-01-26'),
('Best of Rock', 1250, 27, 27, '2024-01-27'),
('Hits of the 90s', 1300, 28, 28, '2024-01-28'),
('EDM Hits', 1350, 29, 29, '2024-01-29'),
('Acoustic Moments', 1100, 30, 30, '2024-01-30'),
('Pop Rock Fusion', 1200, 31, 31, '2024-01-31'),
('Chill and Relax', 1050, 32, 32, '2024-02-01'),
('Summer Chill', 1100, 33, 33, '2024-02-02'),
('Festival Vibes', 1300, 34, 34, '2024-02-03'),
('Indie Pop', 1000, 35, 35, '2024-02-04'),
('Sunset Playlist', 1200, 36, 36, '2024-02-05'),
('Rock Ballads', 1400, 37, 37, '2024-02-06'),
('Night Drive', 1100, 38, 38, '2024-02-07'),
('Best of the 80s', 1300, 39, 39, '2024-02-08'),
('Soulful Rhythms', 1000, 40, 40, '2024-02-09'),
('After Party', 1150, 41, 41, '2024-02-10'),
('Relax & Unwind', 1200, 42, 42, '2024-02-11'),
('Guitar Legends', 1300, 43, 43, '2024-02-12'),
('Latin Beats', 1100, 44, 44, '2024-02-13'),
('Good Vibes', 1050, 45, 45, '2024-02-14'),
('Winter Chill', 950, 46, 46, '2024-02-15'),
('Indie Soul', 1150, 47, 47, '2024-02-16'),
('Golden Oldies', 1200, 48, 48, '2024-02-17'),
('Dance All Night', 1300, 49, 49, '2024-02-18'),
('Rock & Roll Classics', 1400, 50, 50, '2024-02-19');

-- Assinaturas

INSERT INTO Assinaturas (id_usuario, meio_pagamento, plano, data_inicio, data_fim) VALUES
(1, 'Crédito', 'Premium', '2024-01-01', '2025-01-01'),
(2, 'Débito', 'Free', '2024-01-02', '2025-01-02'),
(3, 'Boleto', 'Premium', '2024-01-03', '2025-01-03'),
(4, 'Crédito', 'Family', '2024-01-04', '2025-01-04'),
(5, 'Débito', 'Free', '2024-01-05', '2025-01-05'),
(6, 'Crédito', 'Premium', '2024-01-06', '2025-01-06'),
(7, 'Boleto', 'Free', '2024-01-07', '2025-01-07'),
(8, 'Débito', 'Family', '2024-01-08', '2025-01-08'),
(9, 'Crédito', 'Premium', '2024-01-09', '2025-01-09'),
(10, 'Débito', 'Free', '2024-01-10', '2025-01-10'),
(11, 'Boleto', 'Premium', '2024-01-11', '2025-01-11'),
(12, 'Crédito', 'Family', '2024-01-12', '2025-01-12'),
(13, 'Débito', 'Free', '2024-01-13', '2025-01-13'),
(14, 'Crédito', 'Premium', '2024-01-14', '2025-01-14'),
(15, 'Boleto', 'Free', '2024-01-15', '2025-01-15'),
(16, 'Débito', 'Family', '2024-01-16', '2025-01-16'),
(17, 'Crédito', 'Premium', '2024-01-17', '2025-01-17'),
(18, 'Débito', 'Free', '2024-01-18', '2025-01-18'),
(19, 'Boleto', 'Premium', '2024-01-19', '2025-01-19'),
(20, 'Crédito', 'Family', '2024-01-20', '2025-01-20'),
(21, 'Débito', 'Free', '2024-01-21', '2025-01-21'),
(22, 'Crédito', 'Premium', '2024-01-22', '2025-01-22'),
(23, 'Boleto', 'Free', '2024-01-23', '2025-01-23'),
(24, 'Débito', 'Family', '2024-01-24', '2025-01-24'),
(25, 'Crédito', 'Premium', '2024-01-25', '2025-01-25'),
(26, 'Débito', 'Free', '2024-01-26', '2025-01-26'),
(27, 'Boleto', 'Premium', '2024-01-27', '2025-01-27'),
(28, 'Crédito', 'Family', '2024-01-28', '2025-01-28'),
(29, 'Débito', 'Free', '2024-01-29', '2025-01-29'),
(30, 'Crédito', 'Premium', '2024-01-30', '2025-01-30'),
(31, 'Boleto', 'Free', '2024-01-31', '2025-01-31'),
(32, 'Débito', 'Family', '2024-02-01', '2025-02-01'),
(33, 'Crédito', 'Premium', '2024-02-02', '2025-02-02'),
(34, 'Débito', 'Free', '2024-02-03', '2025-02-03'),
(35, 'Boleto', 'Premium', '2024-02-04', '2025-02-04'),
(36, 'Crédito', 'Family', '2024-02-05', '2025-02-05'),
(37, 'Débito', 'Free', '2024-02-06', '2025-02-06'),
(38, 'Crédito', 'Premium', '2024-02-07', '2025-02-07'),
(39, 'Boleto', 'Free', '2024-02-08', '2025-02-08'),
(40, 'Débito', 'Family', '2024-02-09', '2025-02-09'),
(41, 'Crédito', 'Premium', '2024-02-10', '2025-02-10'),
(42, 'Débito', 'Free', '2024-02-11', '2025-02-11'),
(43, 'Boleto', 'Premium', '2024-02-12', '2025-02-12'),
(44, 'Crédito', 'Family', '2024-02-13', '2025-02-13'),
(45, 'Débito', 'Free', '2024-02-14', '2025-02-14'),
(46, 'Crédito', 'Premium', '2024-02-15', '2025-02-15'),
(47, 'Boleto', 'Free', '2024-02-16', '2025-02-16'),
(48, 'Débito', 'Family', '2024-02-17', '2025-02-17'),
(49, 'Crédito', 'Premium', '2024-02-18', '2025-02-18'),
(50, 'Débito', 'Free', '2024-02-19', '2025-02-19');

-- Favoritos

INSERT INTO Favoritos (id_usuario, id_musica, id_album, id_artista) VALUES
(1, 1, 1, 1),
(1, 2, 2, 2),
(2, 3, 3, 3),
(2, 4, 4, 4),
(3, 5, 5, 5),
(3, 6, 6, 6),
(4, 7, 7, 7),
(4, 8, 8, 8),
(5, 9, 9, 9),
(5, 10, 10, 10),
(6, 11, 11, 11),
(6, 12, 12, 12),
(7, 13, 13, 13),
(7, 14, 14, 14),
(8, 15, 15, 15),
(8, 16, 16, 16),
(9, 17, 17, 17),
(9, 18, 18, 18),
(10, 19, 19, 19),
(10, 20, 20, 20),
(11, 21, 21, 21),
(11, 22, 22, 22),
(12, 23, 23, 23),
(12, 24, 24, 24),
(13, 25, 25, 25),
(13, 26, 26, 26),
(14, 27, 27, 27),
(14, 28, 28, 28),
(15, 29, 29, 29),
(15, 30, 30, 30),
(16, 31, 31, 31),
(16, 32, 32, 32),
(17, 33, 33, 33),
(17, 34, 34, 34),
(18, 35, 35, 35),
(18, 36, 36, 36),
(19, 37, 37, 37),
(19, 38, 38, 38),
(20, 39, 39, 39),
(20, 40, 40, 40),
(21, 41, 41, 41),
(21, 42, 42, 42),
(22, 43, 43, 43),
(22, 44, 44, 44),
(23, 45, 45, 45),
(23, 46, 46, 46),
(24, 47, 47, 47),
(24, 48, 48, 48),
(25, 49, 49, 49),
(25, 50, 50, 50),
(26, 51, 51, 51),
(26, 52, 52, 52),
(27, 53, 53, 53),
(27, 54, 54, 54),
(28, 55, 55, 55),
(28, 56, 56, 56),
(29, 57, 57, 57),
(29, 58, 58, 58),
(30, 59, 59, 59),
(30, 60, 60, 60);

-- Avaliacao

INSERT INTO Avaliacao (id_usuario, id_musica, id_album, id_artista, avaliacao, data_avaliacao) VALUES
(1, 1, 1, 1, 5, '2024-11-16'),
(1, 2, 2, 2, 4, '2024-11-15'),
(2, 3, 3, 3, 3, '2024-11-14'),
(2, 4, 4, 4, 2, '2024-11-13'),
(3, 5, 5, 5, 5, '2024-11-12'),
(3, 6, 6, 6, 4, '2024-11-11'),
(4, 7, 7, 7, 3, '2024-11-10'),
(4, 8, 8, 8, 5, '2024-11-09'),
(5, 9, 9, 9, 4, '2024-11-08'),
(5, 10, 10, 10, 2, '2024-11-07'),
(6, 11, 11, 11, 5, '2024-11-06'),
(6, 12, 12, 12, 3, '2024-11-05'),
(7, 13, 13, 13, 4, '2024-11-04'),
(7, 14, 14, 14, 2, '2024-11-03'),
(8, 15, 15, 15, 5, '2024-11-02'),
(8, 16, 16, 16, 4, '2024-11-01'),
(9, 17, 17, 17, 3, '2024-10-31'),
(9, 18, 18, 18, 5, '2024-10-30'),
(10, 19, 19, 19, 4, '2024-10-29'),
(10, 20, 20, 20, 2, '2024-10-28'),
(11, 21, 21, 21, 5, '2024-10-27'),
(11, 22, 22, 22, 3, '2024-10-26'),
(12, 23, 23, 23, 4, '2024-10-25'),
(12, 24, 24, 24, 2, '2024-10-24'),
(13, 25, 25, 25, 5, '2024-10-23'),
(13, 26, 26, 26, 4, '2024-10-22'),
(14, 27, 27, 27, 3, '2024-10-21'),
(14, 28, 28, 28, 5, '2024-10-20'),
(15, 29, 29, 29, 4, '2024-10-19'),
(15, 30, 30, 30, 2, '2024-10-18'),
(16, 31, 31, 31, 5, '2024-10-17'),
(16, 32, 32, 32, 3, '2024-10-16'),
(17, 33, 33, 33, 4, '2024-10-15'),
(17, 34, 34, 34, 2, '2024-10-14'),
(18, 35, 35, 35, 5, '2024-10-13'),
(18, 36, 36, 36, 4, '2024-10-12'),
(19, 37, 37, 37, 3, '2024-10-11'),
(19, 38, 38, 38, 5, '2024-10-10'),
(20, 39, 39, 39, 4, '2024-10-09'),
(20, 40, 40, 40, 2, '2024-10-08'),
(21, 41, 41, 41, 5, '2024-10-07'),
(21, 42, 42, 42, 3, '2024-10-06'),
(22, 43, 43, 43, 4, '2024-10-05'),
(22, 44, 44, 44, 2, '2024-10-04'),
(23, 45, 45, 45, 5, '2024-10-03'),
(23, 46, 46, 46, 4, '2024-10-02'),
(24, 47, 47, 47, 3, '2024-10-01'),
(24, 48, 48, 48, 5, '2024-09-30'),
(25, 49, 49, 49, 4, '2024-09-29'),
(25, 50, 50, 50, 2, '2024-09-28');

-- Seguidores 

INSERT INTO Seguidores (id_usuario, id_artista, data_seguindo) VALUES
(1, 1, '2024-11-16'),
(1, 2, '2024-11-15'),
(2, 3, '2024-11-14'),
(2, 4, '2024-11-13'),
(3, 5, '2024-11-12'),
(3, 6, '2024-11-11'),
(4, 7, '2024-11-10'),
(4, 8, '2024-11-09'),
(5, 9, '2024-11-08'),
(5, 10, '2024-11-07'),
(6, 11, '2024-11-06'),
(6, 12, '2024-11-05'),
(7, 13, '2024-11-04'),
(7, 14, '2024-11-03'),
(8, 15, '2024-11-02'),
(8, 16, '2024-11-01'),
(9, 17, '2024-10-31'),
(9, 18, '2024-10-30'),
(10, 19, '2024-10-29'),
(10, 20, '2024-10-28'),
(11, 21, '2024-10-27'),
(11, 22, '2024-10-26'),
(12, 23, '2024-10-25'),
(12, 24, '2024-10-24'),
(13, 25, '2024-10-23'),
(13, 26, '2024-10-22'),
(14, 27, '2024-10-21'),
(14, 28, '2024-10-20'),
(15, 29, '2024-10-19'),
(15, 30, '2024-10-18'),
(16, 31, '2024-10-17'),
(16, 32, '2024-10-16'),
(17, 33, '2024-10-15'),
(17, 34, '2024-10-14'),
(18, 35, '2024-10-13'),
(18, 36, '2024-10-12'),
(19, 37, '2024-10-11'),
(19, 38, '2024-10-10'),
(20, 39, '2024-10-09'),
(20, 40, '2024-10-08'),
(21, 41, '2024-10-07'),
(21, 42, '2024-10-06'),
(22, 43, '2024-10-05'),
(22, 44, '2024-10-04'),
(23, 45, '2024-10-03'),
(23, 46, '2024-10-02'),
(24, 47, '2024-10-01'),
(24, 48, '2024-09-30'),
(25, 49, '2024-09-29'),
(25, 50, '2024-09-28');