-- Generos

INSERT INTO Generos (nome_genero) VALUES
('Rock'),
('Pop'),
('Jazz'),
('Classical'),
('Hip Hop'),
('Indie'),
('Sertanejo'),
('Reggae'),
('Electronic'),
('Funk'),
('Blues'),
('Metal'),
('Punk'),
('R&B'),
('Bossa Nova'),
('Samba'),
('MPB'),
('Country'),
('Alternative'),
('Soul'),
('Trap'),
('Trance'),
('Folk'),
('Techno'),
('Disco'),
('K-Pop'),
('Chillout'),
('Dancehall'),
('Ska'),
('Hard Rock'),
('Rap'),
('Gospel'),
('Funk Carioca'),
('Axé'),
('House'),
('Dubstep'),
('Progressive House'),
('Lofi Hip Hop'),
('Ambient'),
('Grunge'),
('Acoustic'),
('Opera'),
('Reggaeton'),
('Tango'),
('Viking Metal'),
('Swing'),
('Salsa'),
('Lounge'),
('Fado'),
('New Age'),
('Electropop'),
('Britpop');

-- Usuarios

INSERT INTO Usuarios (nome_usuario, email, senha, data_de_nascimento, cidade, estado, preferencia_musical, ultimo_acesso) VALUES
('João Silva', 'joao.silva@email.com', 'senha123', '1990-05-12', 'São Paulo', 'SP', 'Rock', '2024-11-16'),
('Maria Souza', 'maria.souza@email.com', 'senha321', '1985-03-22', 'Rio de Janeiro', 'RJ', 'MPB', '2024-11-10'),
('Carlos Oliveira', 'carlos.oliveira@email.com', 'car1234', '1992-08-30', 'Belo Horizonte', 'MG', 'Pop', '2024-11-14'),
('Ana Costa', 'ana.costa@email.com', '1234ana', '1995-07-15', 'Curitiba', 'PR', 'Indie', '2024-11-12'),
('Ricardo Alves', 'ricardo.alves@email.com', 'ric12345', '1990-12-20', 'Porto Alegre', 'RS', 'Sertanejo', '2024-11-13'),
('Juliana Pereira', 'juliana.pereira@email.com', 'juliana123', '1988-02-05', 'Fortaleza', 'CE', 'Reggae', '2024-11-16'),
('Lucas Pereira', 'lucas.pereira@email.com', 'lucas@123', '1993-04-10', 'Salvador', 'BA', 'Rock', '2024-11-09'),
('Fernanda Lima', 'fernanda.lima@email.com', 'fernanda@123', '1991-06-17', 'Recife', 'PE', 'MPB', '2024-11-08'),
('Marcelo Gomes', 'marcelo.gomes@email.com', 'marcelo123', '1987-11-01', 'Natal', 'RN', 'Jazz', '2024-11-11'),
('Patricia Martins', 'patricia.martins@email.com', 'patricia321', '1996-09-22', 'Manaus', 'AM', 'Funk', '2024-11-07'),
('Bruna Silva', 'bruna.silva@email.com', 'bruna123', '1994-01-13', 'Vitória', 'ES', 'Pop', '2024-11-05'),
('Gabriel Santos', 'gabriel.santos@email.com', 'gabriel456', '1992-10-30', 'Florianópolis', 'SC', 'Sertanejo', '2024-11-06'),
('Sofia Oliveira', 'sofia.oliveira@email.com', 'sofia1234', '1991-03-25', 'Rio de Janeiro', 'RJ', 'Reggae', '2024-11-04'),
('Felipe Costa', 'felipe.costa@email.com', 'felipe123', '1990-09-14', 'Brasília', 'DF', 'MPB', '2024-11-03'),
('Claudia Almeida', 'claudia.almeida@email.com', 'claudia@123', '1996-04-05', 'Curitiba', 'PR', 'Rock', '2024-11-02'),
('Fernando Martins', 'fernando.martins@email.com', 'fernando@1234', '1989-07-12', 'São Paulo', 'SP', 'Jazz', '2024-11-01'),
('Rafaela Souza', 'rafaela.souza@email.com', 'rafaela123', '1994-02-20', 'Salvador', 'BA', 'Samba', '2024-10-31'),
('Eduardo Rocha', 'eduardo.rocha@email.com', 'eduardo1234', '1992-12-15', 'Belo Horizonte', 'MG', 'Indie', '2024-10-30'),
('Luana Gomes', 'luana.gomes@email.com', 'luana@123', '1995-05-28', 'Porto Alegre', 'RS', 'Reggae', '2024-10-29'),
('André Costa', 'andre.costa@email.com', 'andre@12345', '1993-06-09', 'Florianópolis', 'SC', 'Rock', '2024-10-28'),
('Patrícia Souza', 'patricia.souza@email.com', 'patricia321', '1988-03-10', 'São Paulo', 'SP', 'Pop', '2024-10-27'),
('Ronaldo Lima', 'ronaldo.lima@email.com', 'ronaldo@123', '1990-10-25', 'Recife', 'PE', 'MPB', '2024-10-26'),
('Raquel Martins', 'raquel.martins@email.com', 'raquel123', '1996-01-13', 'Manaus', 'AM', 'Jazz', '2024-10-25'),
('Thiago Oliveira', 'thiago.oliveira@email.com', 'thiago1234', '1994-02-10', 'São Paulo', 'SP', 'Reggae', '2024-10-24'),
('Jessica Rocha', 'jessica.rocha@email.com', 'jessica123', '1989-05-21', 'Porto Alegre', 'RS', 'Pop', '2024-10-23'),
('Diego Costa', 'diego.costa@email.com', 'diego@12345', '1992-04-06', 'Fortaleza', 'CE', 'Sertanejo', '2024-10-22'),
('Bruna Almeida', 'bruna.almeida@email.com', 'bruna456', '1995-10-09', 'Salvador', 'BA', 'Reggae', '2024-10-21'),
('Rodrigo Pereira', 'rodrigo.pereira@email.com', 'rodrigo123', '1993-08-15', 'São Paulo', 'SP', 'Jazz', '2024-10-20'),
('Larissa Gomes', 'larissa.gomes@email.com', 'larissa@123', '1990-02-28', 'Recife', 'PE', 'Pop', '2024-10-19'),
('Marcio Alves', 'marcio.alves@email.com', 'marcio123', '1987-01-30', 'Belo Horizonte', 'MG', 'MPB', '2024-10-18'),
('Camila Lima', 'camila.lima@email.com', 'camila1234', '1992-07-12', 'Porto Alegre', 'RS', 'Rock', '2024-10-17'),
('Vinícius Rocha', 'vinicius.rocha@email.com', 'vinicius123', '1995-11-19', 'Florianópolis', 'SC', 'Indie', '2024-10-16'),
('Karla Silva', 'karla.silva@email.com', 'karla123', '1990-04-24', 'Curitiba', 'PR', 'Funk', '2024-10-15'),
('Gustavo Almeida', 'gustavo.almeida@email.com', 'gustavo123', '1988-12-05', 'Brasília', 'DF', 'Jazz', '2024-10-14'),
('Nathalia Costa', 'nathalia.costa@email.com', 'nathalia123', '1994-01-14', 'São Paulo', 'SP', 'Pop', '2024-10-13'),
('Carlos Souza', 'carlos.souza@email.com', 'carlos@123', '1992-11-08', 'Recife', 'PE', 'MPB', '2024-10-12'),
('Beatriz Oliveira', 'beatriz.oliveira@email.com', 'beatriz1234', '1991-06-10', 'Salvador', 'BA', 'Rock', '2024-10-11'),
('José Martins', 'jose.martins@email.com', 'jose@12345', '1989-09-17', 'Porto Alegre', 'RS', 'Indie', '2024-10-10'),
('Fábio Pereira', 'fabio.pereira@email.com', 'fabio123', '1990-05-22', 'Florianópolis', 'SC', 'Sertanejo', '2024-10-09'),
('Amanda Lima', 'amanda.lima@email.com', 'amanda123', '1993-03-19', 'Curitiba', 'PR', 'MPB', '2024-10-08'),
('Luciana Costa', 'luciana.costa@email.com', 'luciana@123', '1994-07-07', 'Belo Horizonte', 'MG', 'Reggae', '2024-10-07'),
('Erick Gomes', 'erick.gomes@email.com', 'erick1234', '1988-12-11', 'São Paulo', 'SP', 'Pop', '2024-10-06'),
('Daniele Silva', 'daniele.silva@email.com', 'daniele@123', '1992-08-02', 'Salvador', 'BA', 'Samba', '2024-10-05'),
('Victor Alves', 'victor.alves@email.com', 'victor1234', '1993-04-26', 'Porto Alegre', 'RS', 'Indie', '2024-10-04'),
('Thiago Lima', 'thiago.lima@email.com', 'thiago123', '1990-11-23', 'Recife', 'PE', 'Jazz', '2024-10-03'),
('Cíntia Souza', 'cintia.souza@email.com', 'cintia1234', '1987-06-30', 'Brasília', 'DF', 'Pop', '2024-10-02'),
('Rodrigo Almeida', 'rodrigo.almeida@email.com', 'rodrigo123', '1995-02-25', 'São Paulo', 'SP', 'Sertanejo', '2024-10-01');

-- Artistas

INSERT INTO Artistas (nome_artista, pais_origem, genero, ano_inicio, biografia, email_artista) VALUES
('Imagine Dragons', 'Estados Unidos', 'Pop Rock', 2008, 'Imagine Dragons é uma banda americana de pop rock, formada em 2008.', 'imagine.dragons@email.com'),
('Anitta', 'Brasil', 'Pop', 2010, 'Anitta é uma cantora, compositora e dançarina brasileira.', 'anitta@email.com'),
('Coldplay', 'Reino Unido', 'Rock Alternativo', 1996, 'Coldplay é uma banda britânica de rock alternativo formada em 1996.', 'coldplay@email.com'),
('Marília Mendonça', 'Brasil', 'Sertanejo', 2012, 'Marília Mendonça foi uma cantora e compositora brasileira de música sertaneja.', 'marilia.mendonca@email.com'),
('Ed Sheeran', 'Reino Unido', 'Pop', 2004, 'Ed Sheeran é um cantor e compositor britânico de pop e música folk.', 'ed.sheeran@email.com'),
('Luan Santana', 'Brasil', 'Sertanejo', 2009, 'Luan Santana é um cantor e compositor brasileiro de música sertaneja.', 'luan.santana@email.com'),
('Beyoncé', 'Estados Unidos', 'Pop R&B', 1997, 'Beyoncé é uma cantora, compositora, atriz e produtora americana.', 'beyonce@email.com'),
('Shakira', 'Colômbia', 'Pop', 1990, 'Shakira é uma cantora, compositora e dançarina colombiana.', 'shakira@email.com'),
('Taylor Swift', 'Estados Unidos', 'Country, Pop', 2006, 'Taylor Swift é uma cantora e compositora americana, conhecida por suas músicas country e pop.', 'taylor.swift@email.com'),
('Sandy', 'Brasil', 'Pop', 1989, 'Sandy é uma cantora e atriz brasileira, famosa por sua carreira solo e em dupla com o irmão.', 'sandy@email.com'),
('Maroon 5', 'Estados Unidos', 'Pop Rock', 1994, 'Maroon 5 é uma banda americana de pop rock formada em 1994.', 'maroon5@email.com'),
('Kendrick Lamar', 'Estados Unidos', 'Hip Hop', 2003, 'Kendrick Lamar é um rapper e compositor americano.', 'kendrick.lamar@email.com'),
('Anavitoria', 'Brasil', 'MPB', 2015, 'Anavitoria é uma dupla brasileira de música popular brasileira.', 'anavitoria@email.com'),
('Selena Gomez', 'Estados Unidos', 'Pop', 2002, 'Selena Gomez é uma cantora e atriz americana.', 'selena.gomez@email.com'),
('Pabllo Vittar', 'Brasil', 'Pop', 2015, 'Pabllo Vittar é uma drag queen e cantora brasileira de música pop.', 'pabllo.vittar@email.com'),
('Ariana Grande', 'Estados Unidos', 'Pop R&B', 2008, 'Ariana Grande é uma cantora e atriz americana.', 'ariana.grande@email.com'),
('Jorge & Mateus', 'Brasil', 'Sertanejo', 2005, 'Jorge & Mateus é uma dupla sertaneja brasileira.', 'jorge.mateus@email.com'),
('Lady Gaga', 'Estados Unidos', 'Pop', 2004, 'Lady Gaga é uma cantora e atriz americana, conhecida por sua música pop e estilo extravagante.', 'lady.gaga@email.com'),
('The Weeknd', 'Canadá', 'R&B', 2010, 'The Weeknd é um cantor e compositor canadense de R&B.', 'the.weeknd@email.com'),
('Ivete Sangalo', 'Brasil', 'Axé', 1993, 'Ivete Sangalo é uma cantora brasileira de axé e música popular brasileira.', 'ivete.sangalo@email.com'),
('Bruno Mars', 'Estados Unidos', 'Pop', 2004, 'Bruno Mars é um cantor e compositor americano, conhecido por seu estilo pop e funk.', 'bruno.mars@email.com'),
('Zezé Di Camargo & Luciano', 'Brasil', 'Sertanejo', 1991, 'Zezé Di Camargo & Luciano são uma das duplas mais conhecidas da música sertaneja brasileira.', 'zeze.luciano@email.com'),
('Katy Perry', 'Estados Unidos', 'Pop', 2001, 'Katy Perry é uma cantora, compositora e atriz americana de pop.', 'katy.perry@email.com'),
('Simone & Simaria', 'Brasil', 'Sertanejo', 2012, 'Simone & Simaria são uma dupla sertaneja brasileira formada por duas irmãs.', 'simone.simaria@email.com'),
('Rihanna', 'Barbados', 'Pop R&B', 2003, 'Rihanna é uma cantora e empresária barbadiana.', 'rihanna@email.com'),
('Lizzo', 'Estados Unidos', 'Pop', 2010, 'Lizzo é uma cantora, rapper e flautista americana.', 'lizzo@email.com'),
('Fergie', 'Estados Unidos', 'Pop', 1991, 'Fergie é uma cantora e compositora americana, conhecida por seu trabalho com o grupo The Black Eyed Peas.', 'fergie@email.com'),
('Neymar Jr.', 'Brasil', 'Futebol', 2009, 'Neymar é um jogador de futebol brasileiro, mas também se aventura no mundo da música.', 'neymar@email.com'),
('Tião Carreiro & Pardinho', 'Brasil', 'Sertanejo', 1970, 'Tião Carreiro & Pardinho é uma das duplas pioneiras do sertanejo raiz.', 'tiao.pardinho@email.com'),
('Eminem', 'Estados Unidos', 'Hip Hop', 1995, 'Eminem é um rapper e produtor musical americano, considerado um dos maiores de todos os tempos.', 'eminem@email.com'),
('Sia', 'Austrália', 'Pop', 1997, 'Sia é uma cantora e compositora australiana de música pop e alternativa.', 'sia@email.com'),
('Kanye West', 'Estados Unidos', 'Hip Hop', 1996, 'Kanye West é um rapper, produtor musical e empresário americano.', 'kanye.west@email.com'),
('Demi Lovato', 'Estados Unidos', 'Pop', 2002, 'Demi Lovato é uma cantora e atriz americana.', 'demi.lovato@email.com'),
('Xuxa Meneghel', 'Brasil', 'Pop', 1983, 'Xuxa Meneghel é uma apresentadora e cantora brasileira, ícone da música infantil.', 'xuxa@email.com'),
('Lil Nas X', 'Estados Unidos', 'Hip Hop', 2018, 'Lil Nas X é um rapper e cantor americano, famoso pelo sucesso "Old Town Road".', 'lil.nas.x@email.com'),
('Raul Seixas', 'Brasil', 'Rock', 1965, 'Raul Seixas foi um cantor e compositor brasileiro, considerado um dos maiores nomes do rock nacional.', 'raul.seixas@email.com'),
('Marcos & Belutti', 'Brasil', 'Sertanejo', 2007, 'Marcos & Belutti é uma dupla sertaneja brasileira.', 'marcos.belutti@email.com'),
('Alok', 'Brasil', 'Eletrônica', 2004, 'Alok é um DJ e produtor musical brasileiro de música eletrônica.', 'alok@email.com'),
('Gilberto Gil', 'Brasil', 'MPB', 1959, 'Gilberto Gil é um cantor, compositor e músico brasileiro, ícone da música popular brasileira.', 'gilberto.gil@email.com'),
('Caetano Veloso', 'Brasil', 'MPB', 1965, 'Caetano Veloso é um dos principais nomes da música popular brasileira, influente em diversas gerações.', 'caetano.veloso@email.com'),
('Banda Calypso', 'Brasil', 'Calypso', 1999, 'A Banda Calypso é um grupo musical brasileiro de calypso e ritmos tropicais.', 'banda.calypso@email.com'),
('Cássia Eller', 'Brasil', 'Rock', 1990, 'Cássia Eller foi uma cantora brasileira de rock e MPB, conhecida pela sua voz única.', 'cassia.eller@email.com'),
('Luan Santana', 'Brasil', 'Sertanejo', 2009, 'Luan Santana é um cantor sertanejo brasileiro conhecido por sua carreira de sucesso.', 'luansantana@email.com'),
('Vanessa da Mata', 'Brasil', 'MPB', 1994, 'Vanessa da Mata é uma cantora e compositora brasileira, com forte influência da música popular brasileira.', 'vanessa.damata@email.com'),
('Kenny Chesney', 'Estados Unidos', 'Country', 1992, 'Kenny Chesney é um cantor e compositor de música country americano.', 'kenny.chesney@email.com');

-- Albuns

INSERT INTO Albuns (nome_album, num_faixas, duracao_total, idArtistas, data_lancamento, genero_album, selo_gravadora) VALUES
('Night Visions', 12, '00:48:32', 1, '2012-09-04', 'Pop Rock', 'Interscope'),
('Smoke + Mirrors', 13, '00:49:00', 1, '2015-02-17', 'Pop Rock', 'Interscope'),
('Bang', 14, '00:52:18', 2, '2019-11-09', 'Pop', 'Warner Music Brasil'),
('Envolver', 10, '00:40:05', 2, '2022-12-11', 'Pop', 'Warner Music Brasil'),
('A Rush of Blood to the Head', 11, '00:47:03', 3, '2002-08-26', 'Rock Alternativo', 'Parlophone'),
('X&Y', 13, '00:52:20', 3, '2005-06-06', 'Rock Alternativo', 'Parlophone'),
('Marília Mendonça Ao Vivo', 20, '01:15:40', 4, '2016-10-10', 'Sertanejo', 'Som Livre'),
('Todos os Cantos', 22, '01:12:00', 4, '2018-03-23', 'Sertanejo', 'Som Livre'),
('Divide', 12, '00:45:12', 5, '2017-03-03', 'Pop', 'Asylum'),
('Plus', 12, '00:45:15', 5, '2011-09-09', 'Pop', 'Atlantic'),
('Sertanejo Universitário', 15, '00:56:05', 6, '2011-04-29', 'Sertanejo', 'Som Livre'),
('Ouvindo Estrelas', 16, '00:57:00', 6, '2014-09-10', 'Sertanejo', 'Som Livre'),
('Dangerously in Love', 15, '00:56:20', 7, '2003-06-24', 'Pop R&B', 'Columbia'),
('BDay', 12, '00:45:00', 7, '2006-09-04', 'Pop R&B', 'Columbia'),
('Laundry Service', 14, '00:53:10', 8, '2001-11-13', 'Pop', 'Epic'),
('Oral Fixation, Vol. 2', 12, '00:47:00', 8, '2005-11-29', 'Pop', 'Epic'),
('Fearless', 13, '00:52:30', 9, '2008-11-11', 'Country, Pop', 'Big Machine'),
('Red', 16, '00:59:20', 9, '2012-10-22', 'Country, Pop', 'Big Machine'),
('Escolho Você', 16, '00:58:14', 10, '2013-08-21', 'Pop', 'Universal Music Brasil'),
('O Melhor de Mim', 14, '00:53:30', 10, '2015-04-21', 'Pop', 'Universal Music Brasil'),
('Songs About Jane', 12, '00:46:12', 11, '2002-06-25', 'Pop Rock', 'Octone'),
('It Wont Be Soon Before Long', 12, '00:46:00', 11, '2007-05-22', 'Pop Rock', 'Octone'),
('DAMN.', 14, '00:54:24', 12, '2017-04-14', 'Hip Hop', 'Top Dawg'),
('To Pimp a Butterfly', 16, '01:08:15', 12, '2015-03-15', 'Hip Hop', 'Top Dawg'),
('Anavitória', 11, '00:39:50', 13, '2016-10-14', 'MPB', 'Universal Music'),
('O Tempo É Agora', 10, '00:40:10', 13, '2018-11-09', 'MPB', 'Universal Music'),
('Revival', 13, '00:47:39', 14, '2015-10-09', 'Pop', 'Interscope'),
('Fergie', 11, '00:41:10', 14, '2006-09-19', 'Pop', 'Interscope'),
('Sweetener', 15, '00:55:02', 15, '2018-08-17', 'Pop R&B', 'Republic'),
('Thank U, Next', 12, '00:41:30', 15, '2019-02-08', 'Pop R&B', 'Republic'),
('Ao Vivo em Goiânia', 18, '01:02:40', 16, '2011-07-08', 'Sertanejo', 'Som Livre'),
('De Volta Pro Meu Coração', 14, '00:52:30', 16, '2014-11-11', 'Sertanejo', 'Som Livre'),
('Poker Face', 13, '00:45:30', 17, '2008-11-11', 'Pop', 'Interscope'),
('The Fame Monster', 10, '00:38:00', 17, '2009-11-18', 'Pop', 'Interscope'),
('After Hours', 14, '00:58:36', 18, '2020-03-20', 'R&B', 'XO'),
('Starboy', 18, '01:08:20', 18, '2016-11-25', 'R&B', 'XO'),
('Viva La Vida or Death and All His Friends', 10, '00:42:24', 19, '2008-06-12', 'Rock Alternativo', 'Parlophone'),
('Mylo Xyloto', 14, '00:58:00', 19, '2011-10-24', 'Rock Alternativo', 'Parlophone'),
('25', 11, '00:49:20', 20, '2015-11-20', 'Pop', 'XL Recordings'),
('21', 11, '00:48:00', 20, '2011-01-24', 'Pop', 'XL Recordings'),
('Lover', 18, '00:58:00', 21, '2019-08-23', 'Pop', 'Republic'),
('1989', 13, '00:48:50', 21, '2014-10-27', 'Pop', 'Big Machine'),
('A Melhor Parte de Mim', 14, '00:52:00', 22, '2014-10-03', 'Sertanejo', 'Som Livre'),
('Sertanejo, Amor e Paixão', 16, '00:58:30', 22, '2016-11-10', 'Sertanejo', 'Som Livre'),
('Metamodern Sounds in Country Music', 16, '00:59:30', 23, '2014-05-13', 'Country', 'Indie'),
('Old Dominion', 14, '00:52:15', 23, '2016-10-28', 'Country', 'RCA Nashville'),
('S.O.S.', 14, '00:52:20', 24, '2014-10-31', 'Pop', 'Warner Music Brasil'),
('O Mundo é Meu Lugar', 12, '00:44:00', 24, '2017-04-07', 'Pop', 'Warner Music Brasil'),
('Pânico', 15, '00:55:15', 25, '2020-10-30', 'Hip Hop', 'Universal Music'),
('Caminho da Liberdade', 12, '00:43:05', 25, '2021-04-30', 'Hip Hop', 'Universal Music');

-- Musicas

INSERT INTO Musicas (nome_musica, duracao, num_reproducao, idAlbuns, idArtistas, linguagem) VALUES
('Its Time', '00:03:58', 1500000, 1, 1, 'Inglês'),
('Radioactive', '00:03:06', 2000000, 1, 1, 'Inglês'),
('Demons', '00:02:57', 1800000, 2, 1, 'Inglês'),
('I Bet My Life', '00:03:14', 1300000, 2, 1, 'Inglês'),
('Bang', '00:03:39', 2500000, 3, 2, 'Português'),
('Me Gusta', '00:03:05', 2100000, 3, 2, 'Português'),
('Clocks', '00:05:07', 1900000, 4, 3, 'Inglês'),
('Fix You', '00:04:55', 2200000, 4, 3, 'Inglês'),
('Infiel', '00:04:10', 1600000, 5, 4, 'Português'),
('Amei Te Ver', '00:03:47', 2100000, 5, 4, 'Português'),
('Halo', '00:04:21', 2000000, 6, 5, 'Inglês'),
('Single Ladies', '00:03:13', 2300000, 6, 5, 'Inglês'),
('Hips Dont Lie', '00:03:38', 1700000, 7, 8, 'Espanhol/Português'),
('Waka Waka', '00:03:22', 1800000, 7, 8, 'Espanhol/Português'),
('Shape of You', '00:03:53', 2500000, 8, 5, 'Inglês'),
('Castle on the Hill', '00:04:21', 2000000, 8, 5, 'Inglês'),
('Eu Sei de Cor', '00:03:30', 1400000, 9, 6, 'Português'),
('Sofrendo a Toa', '00:04:00', 1600000, 9, 6, 'Português'),
('Look What You Made Me Do', '00:03:31', 1900000, 10, 9, 'Inglês'),
('You Belong with Me', '00:03:50', 2200000, 10, 9, 'Inglês'),
('Sugar', '00:03:55', 2400000, 11, 10, 'Inglês'),
('She Will Be Loved', '00:04:15', 2100000, 11, 10, 'Inglês'),
('HUMBLE.', '00:02:57', 2700000, 12, 11, 'Inglês'),
('DNA.', '00:03:06', 2200000, 12, 11, 'Inglês'),
('Trevo (Tu)', '00:03:09', 1800000, 13, 12, 'Português'),
('Agora Eu Sei', '00:03:40', 1900000, 13, 12, 'Português'),
('Vingança', '00:03:25', 2000000, 14, 13, 'Português'),
('Por Cima', '00:03:13', 1600000, 14, 13, 'Português'),
('Save Your Tears', '00:03:35', 2600000, 15, 18, 'Inglês'),
('Blinding Lights', '00:03:22', 2900000, 15, 18, 'Inglês'),
('Me Libertei', '00:03:50', 2100000, 16, 17, 'Português'),
('Eu Quero Mais', '00:03:33', 2000000, 16, 17, 'Português'),
('Te Amo', '00:03:26', 2500000, 17, 18, 'Inglês'),
('Alejandro', '00:04:01', 2300000, 17, 18, 'Inglês'),
('The Hills', '00:04:02', 2800000, 18, 18, 'Inglês'),
('Cant Feel My Face', '00:03:35', 3000000, 18, 18, 'Inglês'),
('Coldplay', '00:04:26', 2000000, 19, 3, 'Inglês'),
('Paradise', '00:04:37', 2200000, 19, 3, 'Inglês'),
('Someone Like You', '00:04:45', 2500000, 20, 21, 'Inglês'),
('Rolling in the Deep', '00:03:48', 2400000, 20, 21, 'Inglês'),
('Lover', '00:03:41', 2200000, 21, 21, 'Inglês'),
('You Need to Calm Down', '00:03:31', 2100000, 21, 21, 'Inglês'),
('Amor Perfeito', '00:03:22', 1800000, 22, 16, 'Português'),
('Que Sorte a Nossa', '00:03:56', 2000000, 22, 16, 'Português'),
('Americana', '00:04:13', 1700000, 23, 23, 'Inglês'),
('We Cant Stop', '00:03:44', 2100000, 23, 23, 'Inglês'),
('Me Gusta', '00:03:05', 1500000, 24, 2, 'Espanhol'),
('Toma', '00:03:15', 1600000, 24, 2, 'Espanhol'),
('Revolução', '00:03:47', 1800000, 25, 1, 'Português'),
('Amanhecer', '00:03:34', 1700000, 25, 1, 'Português');


-- Playlists

INSERT INTO Playlists (nome_playlist, duracao, idUsuarios, idMusicas, data_criacao) VALUES
('Ultimate Rock Collection', '01:20:15', 1, 1, '2024-10-01'),
('Rock Legends', '01:15:30', 1, 2, '2024-10-01'),
('Top Pop Songs', '01:45:00', 2, 3, '2024-11-05'),
('Pop Hits of 2024', '01:37:00', 2, 4, '2024-11-05'),
('Sertanejo Classics', '01:25:10', 3, 5, '2024-09-15'),
('Sertanejo Party', '01:30:20', 3, 6, '2024-09-15'),
('Chillout Sessions', '00:58:30', 4, 7, '2024-07-12'),
('Relax and Unwind', '01:10:20', 4, 8, '2024-07-12'),
('Indie Essentials', '01:12:40', 5, 9, '2024-06-10'),
('Indie Rock Revolution', '01:05:55', 5, 10, '2024-06-10'),
('Latin Fever', '01:25:50', 6, 11, '2024-08-20'),
('Tropical Vibes', '01:35:10', 6, 12, '2024-08-20'),
('R&B Vibes', '01:20:10', 7, 13, '2024-05-14'),
('Soulful Rhythms', '01:25:20', 7, 14, '2024-05-14'),
('Summer Chill', '01:30:00', 8, 15, '2024-12-01'),
('Good Vibes Only', '01:22:50', 8, 16, '2024-12-01'),
('Feel Good Tracks', '01:10:30', 9, 17, '2024-04-25'),
('Mood Boosters', '01:15:15', 9, 18, '2024-04-25'),
('Pop Rock Party', '01:40:00', 10, 19, '2024-03-30'),
('Pop Rock Anthems', '01:30:10', 10, 20, '2024-03-30'),
('Old School Classics', '01:45:20', 11, 21, '2024-02-18'),
('Golden Oldies', '01:35:00', 11, 22, '2024-02-18'),
('New Chartbusters', '01:25:30', 12, 23, '2024-01-10'),
('Fresh Hits', '01:38:10', 12, 24, '2024-01-10'),
('Glam Pop Hits', '01:00:45', 13, 25, '2023-12-05'),
('Pop Party Hits', '01:10:00', 13, 26, '2023-12-05'),
('Epic EDM', '01:25:30', 14, 27, '2023-11-10'),
('EDM Essentials', '01:20:45', 14, 28, '2023-11-10'),
('Funky Groove', '01:35:00', 15, 29, '2023-10-15'),
('Funky Beats', '01:40:20', 15, 30, '2023-10-15'),
('Hip Hop Classics', '01:30:10', 16, 31, '2023-09-20'),
('Hip Hop Party', '01:50:20', 16, 32, '2023-09-20'),
('Romantic Ballads', '01:25:00', 17, 33, '2023-08-12'),
('Heartfelt Songs', '01:30:10', 17, 34, '2023-08-12'),
('Power Workout', '01:12:30', 18, 35, '2023-07-05'),
('Intense Training', '01:40:40', 18, 36, '2023-07-05'),
('Road Trip Vibes', '01:20:50', 19, 37, '2023-06-15'),
('Travel Tunes', '01:25:10', 19, 38, '2023-06-15'),
('Party Mix', '01:30:00', 20, 39, '2023-05-10'),
('Dancefloor Hits', '01:35:10', 20, 40, '2023-05-10'),
('Throwback Tracks', '01:45:00', 21, 41, '2023-04-01'),
('Retro Vibes', '01:20:30', 21, 42, '2023-04-01'),
('Acoustic Dreams', '01:15:20', 22, 43, '2023-03-12'),
('Stripped Down', '01:25:30', 22, 44, '2023-03-12'),
('Indie Pop', '01:35:00', 23, 45, '2023-02-20'),
('Alternative Sounds', '01:20:10', 23, 46, '2023-02-20'),
('Upbeat Hits', '01:30:15', 24, 47, '2023-01-25'),
('Feel Good Playlist', '01:10:25', 24, 48, '2023-01-25'),
('Chillwave Hits', '01:25:40', 25, 49, '2022-12-15'),
('Ambient Vibes', '01:40:00', 25, 50, '2022-12-15');

-- Assinaturas

INSERT INTO Assinaturas (id_usuario, meio_pagamento, plano, data_inicio, data_fim) VALUES
(1, 'Crédito', 'Premium', '2024-01-01', '2025-01-01'),
(2, 'Débito', 'Free', '2024-01-02', '2025-01-02'),
(3, 'Boleto', 'Premium', '2024-01-03', '2025-01-03'),
(4, 'Crédito', 'Family', '2024-01-04', '2025-01-04'),
(5, 'Débito', 'Free', '2024-01-05', '2025-01-05'),
(6, 'Crédito', 'Premium', '2024-01-06', '2025-01-06'),
(7, 'Boleto', 'Free', '2024-01-07', '2025-01-07'),
(8, 'Débito', 'Family', '2024-01-08', '2025-01-08'),
(9, 'Crédito', 'Premium', '2024-01-09', '2025-01-09'),
(10, 'Débito', 'Free', '2024-01-10', '2025-01-10'),
(11, 'Boleto', 'Premium', '2024-01-11', '2025-01-11'),
(12, 'Crédito', 'Family', '2024-01-12', '2025-01-12'),
(13, 'Débito', 'Free', '2024-01-13', '2025-01-13'),
(14, 'Crédito', 'Premium', '2024-01-14', '2025-01-14'),
(15, 'Boleto', 'Free', '2024-01-15', '2025-01-15'),
(16, 'Débito', 'Family', '2024-01-16', '2025-01-16'),
(17, 'Crédito', 'Premium', '2024-01-17', '2025-01-17'),
(18, 'Débito', 'Free', '2024-01-18', '2025-01-18'),
(19, 'Boleto', 'Premium', '2024-01-19', '2025-01-19'),
(20, 'Crédito', 'Family', '2024-01-20', '2025-01-20'),
(21, 'Débito', 'Free', '2024-01-21', '2025-01-21'),
(22, 'Crédito', 'Premium', '2024-01-22', '2025-01-22'),
(23, 'Boleto', 'Free', '2024-01-23', '2025-01-23'),
(24, 'Débito', 'Family', '2024-01-24', '2025-01-24'),
(25, 'Crédito', 'Premium', '2024-01-25', '2025-01-25'),
(26, 'Débito', 'Free', '2024-01-26', '2025-01-26'),
(27, 'Boleto', 'Premium', '2024-01-27', '2025-01-27'),
(28, 'Crédito', 'Family', '2024-01-28', '2025-01-28'),
(29, 'Débito', 'Free', '2024-01-29', '2025-01-29'),
(30, 'Crédito', 'Premium', '2024-01-30', '2025-01-30'),
(31, 'Boleto', 'Free', '2024-01-31', '2025-01-31'),
(32, 'Débito', 'Family', '2024-02-01', '2025-02-01'),
(33, 'Crédito', 'Premium', '2024-02-02', '2025-02-02'),
(34, 'Débito', 'Free', '2024-02-03', '2025-02-03'),
(35, 'Boleto', 'Premium', '2024-02-04', '2025-02-04'),
(36, 'Crédito', 'Family', '2024-02-05', '2025-02-05'),
(37, 'Débito', 'Free', '2024-02-06', '2025-02-06'),
(38, 'Crédito', 'Premium', '2024-02-07', '2025-02-07'),
(39, 'Boleto', 'Free', '2024-02-08', '2025-02-08'),
(40, 'Débito', 'Family', '2024-02-09', '2025-02-09'),
(41, 'Crédito', 'Premium', '2024-02-10', '2025-02-10'),
(42, 'Débito', 'Free', '2024-02-11', '2025-02-11'),
(43, 'Boleto', 'Premium', '2024-02-12', '2025-02-12'),
(44, 'Crédito', 'Family', '2024-02-13', '2025-02-13'),
(45, 'Débito', 'Free', '2024-02-14', '2025-02-14'),
(46, 'Crédito', 'Premium', '2024-02-15', '2025-02-15'),
(47, 'Boleto', 'Free', '2024-02-16', '2025-02-16');

-- Favoritos

INSERT INTO Favoritos (id_usuario, id_musica, id_album, id_artista) VALUES
(1, 1, 1, 1),
(1, 2, 2, 2),
(2, 3, 3, 3),
(2, 4, 4, 4),
(3, 5, 5, 5),
(3, 6, 6, 6),
(4, 7, 7, 7),
(4, 8, 8, 8),
(5, 9, 9, 9),
(5, 10, 10, 10),
(6, 11, 11, 11),
(6, 12, 12, 12),
(7, 13, 13, 13),
(7, 14, 14, 14),
(8, 15, 15, 15),
(8, 16, 16, 16),
(9, 17, 17, 17),
(9, 18, 18, 18),
(10, 19, 19, 19),
(10, 20, 20, 20),
(11, 21, 21, 21),
(11, 22, 22, 22),
(12, 23, 23, 23),
(12, 24, 24, 24),
(13, 25, 25, 25),
(13, 26, 26, 26),
(14, 27, 27, 27),
(14, 28, 28, 28),
(15, 29, 29, 29),
(15, 30, 30, 30),
(16, 31, 31, 31),
(16, 32, 32, 32),
(17, 33, 33, 33),
(17, 34, 34, 34),
(18, 35, 35, 35),
(18, 36, 36, 36),
(19, 37, 37, 37),
(19, 38, 38, 38),
(20, 39, 39, 39),
(20, 40, 40, 40),
(21, 41, 41, 41),
(21, 42, 42, 42),
(22, 43, 43, 43),
(22, 44, 44, 44),
(23, 45, 45, 45),
(23, 46, 46, 46),
(24, 47, 47, 47),
(24, 48, 48, 48),
(25, 49, 49, 49),
(25, 50, 50, 50),
(26, 51, 51, 51),
(26, 52, 52, 52),
(27, 53, 53, 53),
(27, 54, 54, 54),
(28, 55, 55, 55),
(28, 56, 56, 56),
(29, 57, 57, 57),
(29, 58, 58, 58),
(30, 59, 59, 59),
(30, 60, 60, 60);

-- Avaliacao

INSERT INTO Avaliacao (id_usuario, id_musica, id_album, id_artista, avaliacao, data_avaliacao) VALUES
(1, 1, 1, 1, 5, '2024-11-16'),
(1, 2, 2, 2, 4, '2024-11-15'),
(2, 3, 3, 3, 3, '2024-11-14'),
(2, 4, 4, 4, 2, '2024-11-13'),
(3, 5, 5, 5, 5, '2024-11-12'),
(3, 6, 6, 6, 4, '2024-11-11'),
(4, 7, 7, 7, 3, '2024-11-10'),
(4, 8, 8, 8, 5, '2024-11-09'),
(5, 9, 9, 9, 4, '2024-11-08'),
(5, 10, 10, 10, 2, '2024-11-07'),
(6, 11, 11, 11, 5, '2024-11-06'),
(6, 12, 12, 12, 3, '2024-11-05'),
(7, 13, 13, 13, 4, '2024-11-04'),
(7, 14, 14, 14, 2, '2024-11-03'),
(8, 15, 15, 15, 5, '2024-11-02'),
(8, 16, 16, 16, 4, '2024-11-01'),
(9, 17, 17, 17, 3, '2024-10-31'),
(9, 18, 18, 18, 5, '2024-10-30'),
(10, 19, 19, 19, 4, '2024-10-29'),
(10, 20, 20, 20, 2, '2024-10-28'),
(11, 21, 21, 21, 5, '2024-10-27'),
(11, 22, 22, 22, 3, '2024-10-26'),
(12, 23, 23, 23, 4, '2024-10-25'),
(12, 24, 24, 24, 2, '2024-10-24'),
(13, 25, 25, 25, 5, '2024-10-23'),
(13, 26, 26, 26, 4, '2024-10-22'),
(14, 27, 27, 27, 3, '2024-10-21'),
(14, 28, 28, 28, 5, '2024-10-20'),
(15, 29, 29, 29, 4, '2024-10-19'),
(15, 30, 30, 30, 2, '2024-10-18'),
(16, 31, 31, 31, 5, '2024-10-17'),
(16, 32, 32, 32, 3, '2024-10-16'),
(17, 33, 33, 33, 4, '2024-10-15'),
(17, 34, 34, 34, 2, '2024-10-14'),
(18, 35, 35, 35, 5, '2024-10-13'),
(18, 36, 36, 36, 4, '2024-10-12'),
(19, 37, 37, 37, 3, '2024-10-11'),
(19, 38, 38, 38, 5, '2024-10-10'),
(20, 39, 39, 39, 4, '2024-10-09'),
(20, 40, 40, 40, 2, '2024-10-08'),
(21, 41, 41, 41, 5, '2024-10-07'),
(21, 42, 42, 42, 3, '2024-10-06'),
(22, 43, 43, 43, 4, '2024-10-05'),
(22, 44, 44, 44, 2, '2024-10-04'),
(23, 45, 45, 45, 5, '2024-10-03'),
(23, 46, 46, 46, 4, '2024-10-02'),
(24, 47, 47, 47, 3, '2024-10-01'),
(24, 48, 48, 48, 5, '2024-09-30'),
(25, 49, 49, 49, 4, '2024-09-29'),
(25, 50, 50, 50, 2, '2024-09-28');

-- Seguidores 

INSERT INTO Seguidores (id_usuario, id_artista, data_seguindo) VALUES
(1, 1, '2024-11-16'),
(1, 2, '2024-11-15'),
(2, 3, '2024-11-14'),
(2, 4, '2024-11-13'),
(3, 5, '2024-11-12'),
(3, 6, '2024-11-11'),
(4, 7, '2024-11-10'),
(4, 8, '2024-11-09'),
(5, 9, '2024-11-08'),
(5, 10, '2024-11-07'),
(6, 11, '2024-11-06'),
(6, 12, '2024-11-05'),
(7, 13, '2024-11-04'),
(7, 14, '2024-11-03'),
(8, 15, '2024-11-02'),
(8, 16, '2024-11-01'),
(9, 17, '2024-10-31'),
(9, 18, '2024-10-30'),
(10, 19, '2024-10-29'),
(10, 20, '2024-10-28'),
(11, 21, '2024-10-27'),
(11, 22, '2024-10-26'),
(12, 23, '2024-10-25'),
(12, 24, '2024-10-24'),
(13, 25, '2024-10-23'),
(13, 26, '2024-10-22'),
(14, 27, '2024-10-21'),
(14, 28, '2024-10-20'),
(15, 29, '2024-10-19'),
(15, 30, '2024-10-18'),
(16, 31, '2024-10-17'),
(16, 32, '2024-10-16'),
(17, 33, '2024-10-15'),
(17, 34, '2024-10-14'),
(18, 35, '2024-10-13'),
(18, 36, '2024-10-12'),
(19, 37, '2024-10-11'),
(19, 38, '2024-10-10'),
(20, 39, '2024-10-09'),
(20, 40, '2024-10-08'),
(21, 41, '2024-10-07'),
(21, 42, '2024-10-06'),
(22, 43, '2024-10-05'),
(22, 44, '2024-10-04'),
(23, 45, '2024-10-03'),
(23, 46, '2024-10-02'),
(24, 47, '2024-10-01'),
(24, 48, '2024-09-30'),
(25, 49, '2024-09-29'),
(25, 50, '2024-09-28');
