-- USUÁRIOS

INSERT INTO Usuarios (id_usuario, nome_usuario, email, senha, data_de_nascimento, cidade, estado, preferencia_musical, ultimo_acesso) VALUES
(1, 'Joao Pedro Herrera Borges', 'joaodasilva@gmail.com', 'joao221', '1990-05-01', 'Pederneiras', 'SP', 'Funk, Pagode', '2024-10-20'),
(2, 'Kaua Vinicius Santos', 'kauagamer@outlook.com', 'eldenrique331', '1985-07-13', 'Pederneiras', 'SP', 'MPB', '2024-11-01'),
(3, 'Vitor Havila', 'vitorhavila112@outlook.com', 'yugioh221', '1992-03-23', 'Pederneiras', 'SP', 'Sertanejo, Pagode', '2024-11-10'),
(4, 'Cristhian Matheus', 'christianbloodborne@yahoo.com.br', 'berserkguts956', '1987-12-25', 'Bauru', 'SP', 'Rock', '2024-11-12'),
(5, 'Pedro Henrique Costa Neves', 'phdasneves56@gmail.com.br', 'pedro123', '1993-06-30', 'Pederneiras', 'SP', 'Rap', '2024-10-17'),
(6, 'Luan Felipe Fragnan Tessitore', 'luanfelipe331@gmail.com', 'luan912983', '1991-09-05', 'Bauru', 'SP', 'Rock', '2024-10-22'),
(7, 'Pedro Santos', 'pedro_santos@ig.com.br', 'pedro456', '1990-11-11', 'Fortaleza', 'CE', 'Rock', '2024-10-20'),
(8, 'Mariana Costa', 'marianacosta@yahoo.com.br', 'costas123', '1989-01-10', 'Florianópolis', 'SC', 'MPB', '2024-11-05'),
(9, 'Vinícius Ferreira', 'vini_ferreira@terra.com', 'vinny123', '1993-02-15', 'São Paulo', 'SP', 'Eletrônica', '2024-10-18'),
(10, 'Roberta Lima', 'roberta.lima@hotmail.com', 'roberta123', '1986-10-07', 'Salvador', 'BA', 'Sertanejo', '2024-10-14'),
(11, 'Bruna Almeida', 'bruna.almeida@gmail.com', 'senha5678', '1995-07-25', 'Manaus', 'AM', 'Pop', '2024-11-02'),
(12, 'Felipe Pereira', 'felipep@outlook.com', 'felipe1234', '1994-08-19', 'Vitória', 'ES', 'Rock', '2024-10-28'),
(13, 'Renato Oliveira', 'renato_oliveira@gmail.com', 'renato@123', '1983-06-13', 'Porto Alegre', 'RS', 'MPB', '2024-11-10'),
(14, 'Isabel Figueiredo', 'isabelfi@icloud.com', 'isabel789', '1996-04-20', 'Campinas', 'SP', 'Samba', '2024-10-23'),
(15, 'José Silva', 'jose_silva@yahoo.com.br', 'jose1234', '1991-11-01', 'Recife', 'PE', 'Axé', '2024-11-12'),
(16, 'Felipe Costa', 'felipe_costa@bol.com.br', 'felipe9876', '1992-03-10', 'Maceió', 'AL', 'Reggae', '2024-11-11'),
(17, 'Carla Martins', 'carla.martins@outlook.com', 'carla12345', '1988-12-25', 'Belém', 'PA', 'Sertanejo', '2024-11-09'),
(18, 'Juliana Rocha', 'j.rocha@terra.com.br', 'julho@678', '1987-01-15', 'Goiânia', 'GO', 'MPB', '2024-10-21'),
(19, 'Andreia Costa', 'andreiac@bol.com.br', 'andrea.123', '1990-10-28', 'São Paulo', 'SP', 'Eletrônica', '2024-11-04'),
(20, 'Daniel Alves', 'daniel.alves@ig.com.br', 'danielabc', '1995-07-30', 'Belo Horizonte', 'MG', 'Jazz', '2024-11-01'),
(21, 'Marcos Lima', 'marcos_lima@outlook.com', 'marcos.5678', '1989-02-17', 'Rio de Janeiro', 'RJ', 'Pop', '2024-11-08'),
(22, 'Patricia Gomes', 'patricia.gomes@gmail.com', 'patricia2012', '1984-08-01', 'Brasília', 'DF', 'Pop', '2024-10-30'),
(23, 'Ricardo Souza', 'ricardo.souza@terra.com', 'ricardinho12', '1992-06-02', 'Fortaleza', 'CE', 'Axé', '2024-10-29'),
(24, 'Juliana Mendes', 'ju.mendes@outlook.com', 'juliana1234', '1989-04-12', 'São Luís', 'MA', 'Reggae', '2024-10-20'),
(25, 'Luana Barbosa', 'luanabarbosa@bol.com.br', 'luana2022', '1991-10-22', 'Natal', 'RN', 'Sertanejo', '2024-11-06'),
(26, 'Rogério Fernandes', 'rogerio.fernandes@yahoo.com', 'rogerio@1234', '1986-09-25', 'Florianópolis', 'SC', 'MPB', '2024-10-18'),
(27, 'Thiago Oliveira', 'thiago.oliveira@uol.com.br', 'thiagao678', '1993-01-30', 'Curitiba', 'PR', 'Jazz', '2024-10-19'),
(28, 'Cintia Costa', 'cintia_costa@ig.com.br', 'cintia123', '1990-03-16', 'São Paulo', 'SP', 'Pop', '2024-10-15'),
(29, 'Alexandre Dias', 'alexandre.dias@terra.com.br', 'alex12345', '1987-11-11', 'Rio de Janeiro', 'RJ', 'Reggae', '2024-11-03'),
(30, 'Marina Rocha', 'marinarocha@bol.com.br', 'marina@123', '1995-04-12', 'Maceió', 'AL', 'Axé', '2024-11-07'),
(31, 'Tatiane Souza', 'tatiane.souza@uol.com.br', 'tatiane@1234', '1993-02-25', 'Goiânia', 'GO', 'Samba', '2024-10-17'),
(32, 'Thiago Nascimento', 'thiagon@terra.com', 'thiagonascimento01', '1991-07-07', 'Belo Horizonte', 'MG', 'Eletrônica', '2024-10-13'),
(33, 'Silvana Ribeiro', 'silvanaribeiro@gmail.com', 'silv@987', '1988-12-18', 'Brasília', 'DF', 'MPB', '2024-10-28'),
(34, 'Fábio Moreira', 'fabiomoreira@uol.com', 'fabiom123', '1990-08-14', 'Porto Alegre', 'RS', 'Sertanejo', '2024-10-12'),
(35, 'Amanda Lima', 'amandalima@outlook.com', 'amanda1234', '1992-01-09', 'Salvador', 'BA', 'Jazz', '2024-10-25'),
(36, 'Carlos Nunes', 'carlosnunes@gmail.com', 'carlos1234', '1994-05-18', 'Recife', 'PE', 'Rock', '2024-10-22'),
(37, 'Roberta Silva', 'robertsilva@bol.com.br', 'roberts123', '1987-06-14', 'São Paulo', 'SP', 'MPB', '2024-10-23'),
(38, 'Juliano Soares', 'juliano@terra.com.br', 'juli.soares', '1993-02-19', 'Belo Horizonte', 'MG', 'Eletrônica', '2024-11-04'),
(39, 'Patrícia Cardoso', 'patricia_cardoso@uol.com.br', 'patricia2010', '1991-10-21', 'São Luís', 'MA', 'Pop', '2024-10-10'),
(40, 'Marcos Martins', 'marcosmartins@outlook.com', 'marcos.1985', '1985-09-14', 'Goiânia', 'GO', 'Sertanejo', '2024-11-02'),
(41, 'Vinícius Ribeiro', 'vinicius_ribeiro@yahoo.com', 'vinni@678', '1990-04-29', 'Brasília', 'DF', 'Jazz', '2024-10-30'),
(42, 'Luciana Costa', 'lucianacosta@terra.com.br', 'luciana123', '1989-11-01', 'Natal', 'RN', 'Pop', '2024-10-25'),
(43, 'André Silva', 'andre.silva@bol.com.br', 'andre987', '1995-06-02', 'Fortaleza', 'CE', 'Sertanejo', '2024-11-02'),
(44, 'Beatriz Santos', 'beatriz.santos@gmail.com', 'beatriz1234', '1987-03-22', 'São Paulo', 'SP', 'MPB', '2024-10-13'),
(45, 'Rafael Lima', 'rafael_lima@outlook.com', 'rafael456', '1994-12-05', 'São Paulo', 'SP', 'Pop', '2024-10-17'),
(46, 'Nina Pereira', 'nina.pereira@uol.com.br', 'ninapereira@123', '1992-02-07', 'Porto Alegre', 'RS', 'Rock', '2024-11-08'),
(47, 'Jéssica Oliveira', 'jessicaoliveira@globo.com', 'jessica1234', '1990-07-15', 'Recife', 'PE', 'MPB', '2024-11-09'),
(48, 'Robson Souza', 'robson.souza@terra.com.br', 'robson123', '1993-08-19', 'Salvador', 'BA', 'Eletrônica', '2024-10-27'),
(49, 'Cláudia Martins', 'claudia.martins@bol.com.br', 'claudia345', '1995-11-05', 'Rio de Janeiro', 'RJ', 'Jazz', '2024-10-24'),
(50, 'Zelda Costa', 'zeldaC@e.mail.com', 'Zelda1234', '1999-04-16', 'Salvador', 'BA', 'Classica', '2024-11-13');


-- Artistas

INSERT INTO Artistas (id_artista, nome_artista, pais_origem, genero, ano_inicio, biografia, email_artista) VALUES
(1, 'Legião Urbana', 'Brasil', 'Rock', 1982, 'Legião Urbana foi uma banda brasileira de rock formada em Brasília.', 'legiao@brasil.com'),
(2, 'Caetano Veloso', 'Brasil', 'MPB', 1965, 'Caetano Veloso é um dos maiores músicos brasileiros, um dos principais nomes da música popular brasileira.', 'caetano.veloso@mpb.com'),
(3, 'Luan Santana', 'Brasil', 'Sertanejo', 2009, 'Luan Santana é um cantor brasileiro de música sertaneja e pop.', 'luansantana@sertanejo.com'),
(4, 'Ivete Sangalo', 'Brasil', 'Axé', 1993, 'Ivete Sangalo é uma das maiores artistas de axé e música popular brasileira.', 'ivete@axe.com'),
(5, 'Anitta', 'Brasil', 'Pop', 2010, 'Anitta é uma cantora, compositora e dançarina brasileira que se destacou internacionalmente.', 'anitta@pop.com'),
(6, 'Gusttavo Lima', 'Brasil', 'Sertanejo', 2009, 'Gusttavo Lima é um cantor de sertanejo conhecido pelo seu estilo romântico.', 'gusttavo@sertanejo.com'),
(7, 'Gilberto Gil', 'Brasil', 'MPB', 1963, 'Gilberto Gil é um cantor e compositor brasileiro, um dos principais nomes da música popular brasileira.', 'gilberto.gil@mpb.com'),
(8, 'Marília Mendonça', 'Brasil', 'Sertanejo', 2014, 'Marília Mendonça foi uma cantora brasileira de sertanejo que se tornou um ícone no Brasil.', 'marilia.mendonca@sertanejo.com'),
(9, 'Roberto Carlos', 'Brasil', 'MPB', 1959, 'Roberto Carlos é um cantor e compositor brasileiro, um dos mais renomados da música brasileira.', 'roberto.carlos@mpb.com'),
(10, 'Chico Buarque', 'Brasil', 'MPB', 1966, 'Chico Buarque é um cantor, compositor e escritor brasileiro.', 'chico.buarque@mpb.com'),
(11, 'Zeca Baleiro', 'Brasil', 'MPB', 1994, 'Zeca Baleiro é um cantor e compositor brasileiro que mistura rock, MPB e outros estilos.', 'zeca.baleiro@mpb.com'),
(12, 'Marina Lima', 'Brasil', 'Pop', 1981, 'Marina Lima é uma cantora brasileira que mistura pop e MPB.', 'marina.lima@pop.com'),
(13, 'Fábio Júnior', 'Brasil', 'MPB', 1970, 'Fábio Júnior é um cantor brasileiro de música popular brasileira.', 'fabiojunior@mpb.com'),
(14, 'Djavan', 'Brasil', 'MPB', 1973, 'Djavan é um cantor e compositor brasileiro de renome internacional.', 'djavan@mpb.com'),
(15, 'Sandy & Júnior', 'Brasil', 'Pop', 1989, 'Sandy & Júnior foi uma dupla pop brasileira com grande sucesso no Brasil e no exterior.', 'sandyj@pop.com'),
(16, 'Marcos & Belutti', 'Brasil', 'Sertanejo', 2010, 'Marcos & Belutti são uma dupla sertaneja de sucesso no Brasil.', 'marcosebelutti@sertanejo.com'),
(17, 'Beyoncé', 'EUA', 'Pop', 1997, 'Beyoncé é uma das maiores cantoras de pop do mundo, com vários hits internacionais.', 'beyonce@pop.com'),
(18, 'Shakira', 'Colômbia', 'Pop', 1990, 'Shakira é uma cantora pop com grande sucesso internacional, conhecida por seu estilo único.', 'shakira@pop.com'),
(19, 'Coldplay', 'Reino Unido', 'Rock', 1996, 'Coldplay é uma das bandas de rock mais famosas do mundo, com várias músicas de sucesso.', 'coldplay@rock.com'),
(20, 'Red Hot Chili Peppers', 'EUA', 'Rock', 1983, 'Red Hot Chili Peppers é uma banda de rock americana, conhecida mundialmente.', 'rhcp@rock.com'),
(21, 'Linkin Park', 'EUA', 'Rock', 1996, 'Linkin Park foi uma banda de rock americana, conhecida por suas misturas de nu metal e rock alternativo.', 'linkinpark@rock.com'),
(22, 'Rihanna', 'Barbados', 'Pop', 2005, 'Rihanna é uma cantora pop conhecida mundialmente por seus hits dançantes e baladas.', 'rihanna@pop.com'),
(23, 'Adele', 'Reino Unido', 'Pop', 2008, 'Adele é uma cantora britânica de soul e pop, famosa por suas baladas.', 'adele@pop.com'),
(24, 'The Beatles', 'Reino Unido', 'Rock', 1960, 'The Beatles foram uma das bandas mais influentes da história da música mundial.', 'thebeatles@rock.com'),
(25, 'Elvis Presley', 'EUA', 'Rock', 1954, 'Elvis Presley é um dos maiores nomes da música mundial e um ícone do rock.', 'elvis@rock.com'),
(26, 'Luan Santana', 'Brasil', 'Sertanejo', 2009, 'Luan Santana é um dos principais cantores de sertanejo do Brasil.', 'luansantana@sertanejo.com'),
(27, 'Sia', 'Austrália', 'Pop', 2004, 'Sia é uma cantora e compositora australiana conhecida por sua voz única e suas músicas poderosas.', 'sia@pop.com'),
(28, 'Drake', 'Canadá', 'Hip Hop', 2009, 'Drake é um rapper canadense que se tornou uma das maiores estrelas do hip hop mundial.', 'drake@hiphop.com'),
(29, 'Katy Perry', 'EUA', 'Pop', 2001, 'Katy Perry é uma cantora e compositora americana de grande sucesso internacional.', 'katyperry@pop.com'),
(30, 'Eminem', 'EUA', 'Hip Hop', 1995, 'Eminem é um dos maiores rappers da história do hip hop, conhecido por suas letras polêmicas e rápidas.', 'eminem@hiphop.com'),
(31, 'Nirvana', 'EUA', 'Rock', 1987, 'Nirvana foi uma das bandas mais influentes do grunge e do rock alternativo.', 'nirvana@rock.com'),
(32, 'David Bowie', 'Reino Unido', 'Rock', 1962, 'David Bowie foi um cantor e compositor britânico, um ícone da música mundial.', 'davidbowie@rock.com'),
(33, 'Elba Ramalho', 'Brasil', 'MPB', 1979, 'Elba Ramalho é uma das grandes artistas da música nordestina e MPB.', 'elba.ramalho@mpb.com'),
(34, 'Simone', 'Brasil', 'MPB', 1970, 'Simone é uma cantora brasileira de MPB que se destacou desde os anos 70.', 'simone@mpb.com'),
(35, 'Filipe Ret', 'Brasil', 'Hip Hop', 2010, 'Filipe Ret é um dos maiores nomes do rap e hip hop no Brasil.', 'filipe.ret@hiphop.com'),
(36, 'Kanye West', 'EUA', 'Hip Hop', 1996, 'Kanye West é um rapper e produtor musical, conhecido por sua carreira ousada e inovadora.', 'kanyewest@hiphop.com'),
(37, 'Snoop Dogg', 'EUA', 'Hip Hop', 1992, 'Snoop Dogg é um rapper americano conhecido mundialmente pelo seu estilo descontraído.', 'snoopdogg@hiphop.com'),
(38, 'Maroon 5', 'EUA', 'Pop/Rock', 1994, 'Maroon 5 é uma banda de pop/rock famosa por seus hits radiofônicos.', 'maroon5@poprock.com'),
(39, 'Shawn Mendes', 'Canadá', 'Pop', 2013, 'Shawn Mendes é um cantor pop canadense que ganhou fama internacional.', 'shawnmendes@pop.com'),
(40, 'John Mayer', 'EUA', 'Blues/Rock', 1997, 'John Mayer é um cantor e guitarrista conhecido por seu estilo blues/rock.', 'johnmayer@bluesrock.com'),
(41, 'Billie Eilish', 'EUA', 'Pop', 2015, 'Billie Eilish é uma cantora americana que se destacou no cenário pop com um estilo único.', 'billie@pop.com'),
(42, 'The Rolling Stones', 'Reino Unido', 'Rock', 1962, 'The Rolling Stones é uma das maiores e mais antigas bandas de rock do mundo.', 'rollingstones@rock.com'),
(43, 'Lizzo', 'EUA', 'Pop/Rap', 2013, 'Lizzo é uma cantora e rapper conhecida por seu estilo positivo e poderoso.', 'lizzo@pop.com'),
(44, 'Toni Braxton', 'EUA', 'R&B', 1989, 'Toni Braxton é uma cantora e compositora americana, uma das maiores vozes do R&B.', 'tonibraxton@rb.com'),
(45, 'Sade', 'Reino Unido', 'R&B', 1983, 'Sade é uma cantora britânica conhecida por seu estilo único de jazz, soul e R&B.', 'sade@rb.com'),
(46, 'Ariana Grande', 'EUA', 'Pop', 2011, 'Ariana Grande é uma das cantoras pop mais populares da atualidade, conhecida por sua poderosa voz.', 'arianagrande@pop.com'),
(47, 'Lenny Kravitz', 'EUA', 'Rock/Funk', 1989, 'Lenny Kravitz é um cantor e compositor que mistura rock e funk em suas músicas.', 'lennykravitz@rockfunk.com'),
(48, 'Paul McCartney', 'Reino Unido', 'Rock', 1957, 'Paul McCartney é um dos integrantes fundadores do The Beatles e ícone do rock mundial.', 'paulmccartney@rock.com'),
(49, 'Travis Scott', 'EUA', 'Hip Hop', 2008, 'Travis Scott é um rapper e produtor musical americano conhecido por seu estilo único.', 'travisscott@hiphop.com'),
(50, 'Justin Bieber', 'Canadá', 'Pop', 2009, 'Justin Bieber é um cantor pop canadense com grande sucesso desde sua adolescência.', 'justinbieber@pop.com');

-- Pagamento

INSERT INTO Pagamento (id_pagamento, meio_pagamento, plano, idUsuarios) VALUES
(1, 'Cartão de Crédito', 'Premium', 1),
(2, 'Boleto', 'Free', 2),
(3, 'Débito', 'Premium', 3),
(4, 'Cartão de Crédito', 'Family', 4),
(5, 'Cartão de Crédito', 'Premium', 5),
(6, 'Boleto', 'Free', 6),
(7, 'Débito', 'Family', 7),
(8, 'Cartão de Crédito', 'Premium', 8),
(9, 'Cartão de Crédito', 'Free', 9),
(10, 'Boleto', 'Free', 10),
(11, 'Cartão de Crédito', 'Premium', 11),
(12, 'Débito', 'Free', 12),
(13, 'Boleto', 'Premium', 13),
(14, 'Cartão de Crédito', 'Free', 14),
(15, 'Débito', 'Premium', 15),
(16, 'Boleto', 'Family', 16),
(17, 'Cartão de Crédito', 'Free', 17),
(18, 'Débito', 'Family', 18),
(19, 'Cartão de Crédito', 'Free', 19),
(20, 'Boleto', 'Premium', 20),
(21, 'Débito', 'Premium', 21),
(22, 'Cartão de Crédito', 'Free', 22),
(23, 'Boleto', 'Family', 23),
(24, 'Débito', 'Family', 24),
(25, 'Cartão de Crédito', 'Free', 25),
(26, 'Cartão de Crédito', 'Premium', 26),
(27, 'Boleto', 'Family', 27),
(28, 'Débito', 'Free', 28),
(29, 'Cartão de Crédito', 'Free', 29),
(30, 'Boleto', 'Premium', 30),
(31, 'Débito', 'Premium', 31),
(32, 'Cartão de Crédito', 'Family', 32),
(33, 'Boleto', 'Free', 33),
(34, 'Débito', 'Free', 34),
(35, 'Cartão de Crédito', 'Premium', 35),
(36, 'Boleto', 'Free', 36),
(37, 'Cartão de Crédito', 'Premium', 37),
(38, 'Débito', 'Family', 38),
(39, 'Cartão de Crédito', 'Free', 39),
(40, 'Boleto', 'Premium', 40),
(41, 'Débito', 'Free', 41),
(42, 'Cartão de Crédito', 'Free', 42),
(43, 'Boleto', 'Family', 43),
(44, 'Débito', 'Premium', 44),
(45, 'Cartão de Crédito', 'Premium', 45),
(46, 'Boleto', 'Family', 46),
(47, 'Débito', 'Free', 47),
(48, 'Cartão de Crédito', 'Free', 48),
(49, 'Boleto', 'Premium', 49),
(50, 'Débito', 'Family', 50);

-- Albuns

INSERT INTO Albuns (id_albuns, nome_album, idArtistas, data_lancamento, genero_album, num_faixas, duracao_total, selo_gravadora) VALUES
(1, 'O Som da Noite', 1, '2023-01-10', 'Rock', 10, '00:45:32', 'Sony'),
(2, 'Viva a Vida', 2, '2022-08-12', 'Pop', 12, '00:50:00', 'Universal'),
(3, 'Memórias de uma Era', 3, '2021-05-25', 'Jazz', 8, '00:39:10', 'Warner'),
(4, 'De Volta ao Passado', 4, '2023-03-05', 'Indie', 14, '00:58:20', 'Atlantic'),
(5, 'Chuva e Sol', 5, '2020-11-15', 'MPB', 9, '00:42:00', 'BMG'),
(6, 'Entre o Céu e o Mar', 6, '2019-09-10', 'Rock', 11, '00:47:15', 'Warner'),
(7, 'Passos Lentos', 7, '2022-07-22', 'Sertanejo', 13, '00:54:30', 'Universal'),
(8, 'Caminhos Cruzados', 8, '2021-04-03', 'Pop', 7, '00:35:40', 'Sony'),
(9, 'A Viagem', 9, '2020-02-28', 'Hip Hop', 15, '01:03:12', 'Warner'),
(10, 'Som do Mundo', 10, '2022-06-17', 'R&B', 9, '00:40:00', 'BMG'),
(11, 'Amor e Arte', 11, '2023-01-22', 'Sertanejo', 12, '00:50:30', 'Sony'),
(12, 'Poeira da Estrada', 12, '2021-03-30', 'Rock', 10, '00:45:55', 'Universal'),
(13, 'Luzes de Neon', 13, '2022-11-18', 'Pop', 8, '00:36:00', 'Atlantic'),
(14, 'Mundo Colorido', 14, '2019-12-05', 'Indie', 14, '00:58:45', 'Warner'),
(15, 'A Voz da Gente', 15, '2021-10-22', 'MPB', 6, '00:32:10', 'BMG'),
(16, 'Noite Estrelada', 16, '2020-01-18', 'Sertanejo', 11, '00:49:00', 'Sony'),
(17, 'Coração Bate Forte', 17, '2022-09-10', 'Rock', 13, '00:56:20', 'Warner'),
(18, 'Universo Particular', 18, '2021-06-12', 'Jazz', 9, '00:42:15', 'Atlantic'),
(19, 'Reflexos da Alma', 19, '2020-04-25', 'MPB', 10, '00:47:30', 'Universal'),
(20, 'Futuro Incerto', 20, '2022-02-14', 'Pop', 7, '00:38:00', 'BMG'),
(21, 'Segredos da Floresta', 21, '2021-07-10', 'Indie', 13, '00:55:25', 'Sony'),
(22, 'A Lenda do Tempo', 22, '2019-08-05', 'Hip Hop', 8, '00:36:50', 'Universal'),
(23, 'Despertar do Sol', 23, '2022-04-17', 'Rock', 14, '01:00:05', 'Atlantic'),
(24, 'Cores da Vida', 24, '2021-12-03', 'R&B', 6, '00:28:20', 'BMG'),
(25, 'A Porta do Coração', 25, '2020-07-08', 'MPB', 11, '00:50:35', 'Sony'),
(26, 'A Ventania', 26, '2023-01-18', 'Pop', 9, '00:42:10', 'Warner'),
(27, 'Paz Interior', 27, '2019-06-14', 'Sertanejo', 10, '00:46:55', 'Universal'),
(28, 'O Caminho do Amor', 28, '2022-10-25', 'Jazz', 8, '00:39:30', 'BMG'),
(29, 'Ouvindo o Silêncio', 29, '2021-03-22', 'Rock', 15, '01:03:00', 'Atlantic'),
(30, 'Festa no Céu', 30, '2020-05-12', 'Pop', 12, '00:52:40', 'Warner'),
(31, 'Seguindo o Rio', 31, '2022-08-10', 'Sertanejo', 10, '00:44:50', 'Sony'),
(32, 'Sol e Lua', 32, '2021-07-02', 'Indie', 13, '00:56:00', 'Universal'),
(33, 'Dança da Noite', 33, '2020-03-01', 'Hip Hop', 9, '00:40:30', 'BMG'),
(34, 'Ouvindo as Estrelas', 34, '2023-05-16', 'Pop', 14, '00:58:25', 'Atlantic'),
(35, 'Viajando pelo Tempo', 35, '2021-11-11', 'Jazz', 12, '00:49:45', 'Warner'),
(36, 'Nosso Lugar', 36, '2019-10-22', 'MPB', 8, '00:38:50', 'BMG'),
(37, 'Vento Forte', 37, '2020-01-30', 'Rock', 13, '00:57:15', 'Sony'),
(38, 'Luz no Fim do Tunel', 38, '2021-09-14', 'Sertanejo', 11, '00:48:25', 'Universal'),
(39, 'Vem Comigo', 39, '2022-05-03', 'Pop', 10, '00:45:40', 'BMG'),
(40, 'Raízes do Brasil', 40, '2020-12-12', 'MPB', 7, '00:34:15', 'Warner'),
(41, 'No Olhar', 41, '2019-04-15', 'Jazz', 9, '00:41:30', 'Atlantic'),
(42, 'Caminho das Estrelas', 42, '2021-07-18', 'Indie', 8, '00:37:00', 'Sony'),
(43, 'Na Estrada', 43, '2020-06-20', 'Rock', 10, '00:45:10', 'Universal'),
(44, 'Viva o Amor', 44, '2022-03-28', 'Pop', 14, '00:59:30', 'BMG'),
(45, 'Passos Perdidos', 45, '2021-04-10', 'Sertanejo', 12, '00:51:25', 'Atlantic'),
(46, 'O Último Abraço', 46, '2020-08-01', 'MPB', 9, '00:41:40', 'Sony'),
(47, 'Entre as Sombras', 47, '2022-12-22', 'Jazz', 10, '00:44:00', 'Warner'),
(48, 'Sol da Manhã', 48, '2021-10-10', 'Indie', 7, '00:33:45', 'Universal'),
(49, 'Tudo Vai Passar', 49, '2023-02-16', 'Rock', 11, '00:49:20', 'BMG'),
(50, 'Nas Asas da Liberdade', 50, '2020-09-25', 'Pop', 13, '00:58:10', 'Atlantic');

-- Musicas

INSERT INTO Musicas (id_musica, nome_musica, idAlbuns, idArtistas, duracao, num_reproducao, linguagem) VALUES
(1, 'Acorde Final', 1, 1, '00:03:45', 1500, 'Português'),
(2, 'Despertar', 2, 2, '00:04:05', 1200, 'Inglês'),
(3, 'Caminho Solitário', 3, 3, '00:05:10', 800, 'Francês'),
(4, 'Entre Sombras', 4, 4, '00:03:30', 950, 'Português'),
(5, 'Lágrimas ao Vento', 5, 5, '00:04:25', 1300, 'Inglês'),
(6, 'Vento Frio', 6, 6, '00:02:50', 1100, 'Espanhol'),
(7, 'Coração Aberto', 7, 7, '00:05:00', 1450, 'Português'),
(8, 'Noite Sem Fim', 8, 8, '00:04:00', 1200, 'Inglês'),
(9, 'Fogo e Gelo', 9, 9, '00:03:15', 1050, 'Português'),
(10, 'Luz da Lua', 10, 10, '00:04:40', 900, 'Inglês'),
(11, 'Dançando na Rua', 11, 11, '00:03:20', 1200, 'Português'),
(12, 'A Sombra do Passado', 12, 12, '00:04:15', 1300, 'Inglês'),
(13, 'Vozes do Coração', 13, 13, '00:05:00', 1500, 'Português'),
(14, 'Silêncio no Olhar', 14, 14, '00:03:45', 950, 'Inglês'),
(15, 'Sussurros ao Vento', 15, 15, '00:04:05', 1100, 'Español'),
(16, 'Reflexo da Alma', 16, 16, '00:04:25', 1250, 'Português'),
(17, 'Misterioso', 17, 17, '00:05:00', 1400, 'Inglês'),
(18, 'Luzes da Cidade', 18, 18, '00:03:30', 1000, 'Português'),
(19, 'Nas Asas do Amor', 19, 19, '00:02:50', 900, 'Inglês'),
(20, 'Coração Selvagem', 20, 20, '00:03:40', 1300, 'Português'),
(21, 'Dançar Até o Fim', 21, 21, '00:04:00', 1150, 'Inglês'),
(22, 'Ao Vivo no Coração', 22, 22, '00:03:15', 1250, 'Español'),
(23, 'Chuva no Meu Coração', 23, 23, '00:04:50', 1450, 'Português'),
(24, 'Vidas Cruzadas', 24, 24, '00:03:25', 950, 'Inglês'),
(25, 'Melodia do Amor', 25, 25, '00:03:35', 1100, 'Português'),
(26, 'Sons da Noite', 26, 26, '00:05:10', 1200, 'Inglês'),
(27, 'Cores da Terra', 27, 27, '00:04:05', 900, 'Português'),
(28, 'Fazendo Histórias', 28, 28, '00:03:50', 1050, 'Inglês'),
(29, 'Brisa Suave', 29, 29, '00:03:20', 1000, 'Español'),
(30, 'No Fim do Mundo', 30, 30, '00:04:00', 1300, 'Português'),
(31, 'Caminhos que Cruzam', 31, 31, '00:04:30', 1100, 'Inglês'),
(32, 'Despedida', 32, 32, '00:03:10', 850, 'Português'),
(33, 'Seguindo o Destino', 33, 33, '00:05:30', 1200, 'Inglês'),
(34, 'Fuga para o Amanhã', 34, 34, '00:03:40', 1250, 'Português'),
(35, 'Coração Partiu', 35, 35, '00:04:00', 1300, 'Español'),
(36, 'Sombra do Amor', 36, 36, '00:04:15', 1150, 'Inglês'),
(37, 'Esperança', 37, 37, '00:03:50', 1050, 'Português'),
(38, 'Rumo ao Desconhecido', 38, 38, '00:04:30', 1200, 'Inglês'),
(39, 'Caminho da Vitória', 39, 39, '00:03:25', 950, 'Português'),
(40, 'Vento da Liberdade', 40, 40, '00:05:05', 1400, 'Inglês'),
(41, 'Amor a Distância', 41, 41, '00:04:20', 1250, 'Español'),
(42, 'Chama Viva', 42, 42, '00:03:30', 1100, 'Inglês'),
(43, 'Tempestade no Coração', 43, 43, '00:05:00', 1150, 'Português'),
(44, 'Raio de Sol', 44, 44, '00:03:15', 1300, 'Inglês'),
(45, 'Chão de Estrelas', 45, 45, '00:04:40', 1400, 'Español'),
(46, 'Entre o Céu e a Terra', 46, 46, '00:04:00', 1200, 'Inglês'),
(47, 'Mistério da Vida', 47, 47, '00:03:35', 1250, 'Português'),
(48, 'A Última Canção', 48, 48, '00:05:10', 1100, 'Inglês'),
(49, 'Luz no Fim', 49, 49, '00:03:25', 950, 'Português'),
(50, 'No Ritmo da Vida', 50, 50, '00:04:05', 1350, 'Inglês');

-- Playlists

INSERT INTO Playlists (id_playlist, nome_playlist, idUsuarios, idMusicas, data_criacao, duracao) VALUES
(1, 'Playlist de Verão', 1, 1, '2023-06-15', 60),
(2, 'Hits do Momento', 2, 2, '2023-07-20', 45),
(3, 'Clássicos do Rock', 3, 3, '2023-08-10', 70),
(4, 'Noite de Jazz', 4, 4, '2023-09-01', 80),
(5, 'Músicas para Relaxar', 5, 5, '2023-10-12', 50),
(6, 'Indie para o Fim de Semana', 6, 6, '2023-11-05', 55),
(7, 'Festa no Clube', 7, 7, '2023-11-10', 60),
(8, 'Pop Internacional', 8, 8, '2023-12-01', 65),
(9, 'Sons da Natureza', 9, 9, '2023-12-15', 75),
(10, 'Ritmos Latinos', 10, 10, '2024-01-10', 50),
(11, 'Trilhas Sonoras', 11, 11, '2024-02-03', 90),
(12, 'Melhores de 2020', 12, 12, '2024-03-15', 65),
(13, 'Músicas para Estudo', 13, 13, '2024-04-10', 45),
(14, 'Funk Carioca', 14, 14, '2024-05-25', 70),
(15, 'Riffs de Guitarra', 15, 15, '2024-06-18', 80),
(16, 'Pop Nacional', 16, 16, '2024-07-05', 60),
(17, 'Anos 90', 17, 17, '2024-08-30', 85),
(18, 'Chill Out', 18, 18, '2024-09-10', 50),
(19, 'Aventuras no Hip Hop', 19, 19, '2024-10-02', 60),
(20, 'Músicas para a Noite', 20, 20, '2024-11-15', 55),
(21, 'Trilha do Deserto', 21, 21, '2024-12-01', 40),
(22, 'Músicas Lentas', 22, 22, '2025-01-10', 60),
(23, 'Melhores de 2019', 23, 23, '2025-02-20', 80),
(24, 'Pop Clássico', 24, 24, '2025-03-15', 55),
(25, 'Para Chorar', 25, 25, '2025-04-05', 45),
(26, 'Viagem no Tempo', 26, 26, '2025-05-01', 75),
(27, 'Emoções', 27, 27, '2025-06-10', 60),
(28, 'Festa Anos 80', 28, 28, '2025-07-15', 85),
(29, 'No Ritmo do Samba', 29, 29, '2025-08-01', 65),
(30, 'Baladas do Coração', 30, 30, '2025-09-20', 50),
(31, 'Para Meditar', 31, 31, '2025-10-15', 40),
(32, 'O Melhor do Rock', 32, 32, '2025-11-10', 90),
(33, 'Sertanejo Universitário', 33, 33, '2025-12-25', 70),
(34, 'Noite de Reggae', 34, 34, '2026-01-05', 50),
(35, 'Músicas de Filmes', 35, 35, '2026-02-15', 80),
(36, 'Pop Punk', 36, 36, '2026-03-10', 75),
(37, 'Festa no Quintal', 37, 37, '2026-04-01', 65),
(38, 'Vibes de Verão', 38, 38, '2026-05-20', 90),
(39, 'Músicas Eletrônicas', 39, 39, '2026-06-10', 55),
(40, 'Noite dos Anos 70', 40, 40, '2026-07-01', 60),
(41, 'Sons da Alma', 41, 41, '2026-08-15', 80),
(42, 'Baladinhas Pop', 42, 42, '2026-09-10', 45),
(43, 'Ritmos do Mundo', 43, 43, '2026-10-25', 70),
(44, 'Fazendo História', 44, 44, '2026-11-05', 50),
(45, 'Dance na Pista', 45, 45, '2026-12-15', 75),
(46, 'Músicas Tristes', 46, 46, '2027-01-05', 55),
(47, 'Melhor do Indie', 47, 47, '2027-02-20', 65),
(48, 'No Ritmo da Bossa', 48, 48, '2027-03-10', 80),
(49, 'Clássicos do Metal', 49, 49, '2027-04-01', 90),
(50, 'Relaxe e Ouça', 50, 50, '2027-05-10', 60);
